code,category,value,areaName,Constituency
E06000001,-8,55401,Hartlepool,E14000733
E06000001,1,3665,Hartlepool,E14000733
E06000001,2,21189,Hartlepool,E14000733
E06000001,3,12083,Hartlepool,E14000733
E06000002,-8,86420,Middlesbrough,E14000819
E06000002,1,6900,Middlesbrough,E14000819
E06000002,2,29159,Middlesbrough,E14000819
E06000002,3,21446,Middlesbrough,E14000819
E06000003,-8,79810,Redcar and Cleveland,E14000820
E06000003,1,5319,Redcar and Cleveland,E14000820
E06000003,2,35561,Redcar and Cleveland,E14000820
E06000003,3,15841,Redcar and Cleveland,E14000820
E06000004,-8,125028,Stockton-on-Tees,E14000970
E06000004,1,7562,Stockton-on-Tees,E14000970
E06000004,2,43060,Stockton-on-Tees,E14000970
E06000004,3,20945,Stockton-on-Tees,E14000970
E06000005,-8,68986,Darlington,E14000658
E06000005,1,4187,Darlington,E14000658
E06000005,2,24280,Darlington,E14000658
E06000005,3,10345,Darlington,E14000658
E06000006,-8,83236,Halton,E14000725
E06000006,1,5006,Halton,E14000725
E06000006,2,27938,Halton,E14000725
E06000006,3,12298,Halton,E14000725
E06000011,-8,210195,East Riding of Yorkshire,E14000556
E06000011,1,13136,East Riding of Yorkshire,E14000556
E06000011,2,93961,East Riding of Yorkshire,E14000556
E06000011,3,24923,East Riding of Yorkshire,E14000556
E06000012,-8,98293,North East Lincolnshire,E14000643
E06000012,1,6086,North East Lincolnshire,E14000643
E06000012,2,37093,North East Lincolnshire,E14000643
E06000012,3,15494,North East Lincolnshire,E14000643
E06000014,-8,126936,York,E14001062
E06000014,1,13505,York,E14001062
E06000014,2,46259,York,E14001062
E06000014,3,16121,York,E14001062
E06000015,-8,168375,Derby,E14000662
E06000015,1,12950,Derby,E14000662
E06000015,2,53360,Derby,E14000662
E06000015,3,26679,Derby,E14000662
E06000017,-8,25534,Rutland,E14000909
E06000017,1,1801,Rutland,E14000909
E06000017,2,10952,Rutland,E14000909
E06000017,3,2762,Rutland,E14000909
E06000018,-8,188177,Nottingham,E14000865
E06000018,1,30227,Nottingham,E14000865
E06000018,2,61658,Nottingham,E14000865
E06000018,3,43571,Nottingham,E14000865
E06000019,-8,118414,Herefordshire,E14000743
E06000019,1,7778,Herefordshire,E14000743
E06000019,2,49096,Herefordshire,E14000743
E06000019,3,11749,Herefordshire,E14000743
E06000020,-8,122364,Telford and Wrekin,E14000989
E06000020,1,8069,Telford and Wrekin,E14000989
E06000020,2,39460,Telford and Wrekin,E14000989
E06000020,3,15648,Telford and Wrekin,E14000989
E06000021,-8,165049,Stoke-on-Trent,E14000974
E06000021,1,11072,Stoke-on-Trent,E14000974
E06000021,2,55133,Stoke-on-Trent,E14000974
E06000021,3,27115,Stoke-on-Trent,E14000974
E06000023,-8,321267,Bristol,E14000599
E06000023,1,29915,Bristol,E14000599
E06000023,2,81992,Bristol,E14000599
E06000023,3,39291,Bristol,E14000599
E06000024,-8,140863,North Somerset,E14000850
E06000024,1,8211,North Somerset,E14000850
E06000024,2,55379,North Somerset,E14000850
E06000024,3,12275,North Somerset,E14000850
E06000026,-8,167089,Plymouth,E14000879
E06000026,1,13936,Plymouth,E14000879
E06000026,2,61100,Plymouth,E14000879
E06000026,3,22570,Plymouth,E14000879
E06000027,-8,81227,Torbay,E14000999
E06000027,1,5876,Torbay,E14000999
E06000027,2,41371,Torbay,E14000999
E06000027,3,10850,Torbay,E14000999
E06000031,-8,149068,Peterborough,E14000855
E06000031,1,9413,Peterborough,E14000855
E06000031,2,37769,Peterborough,E14000855
E06000031,3,19423,Peterborough,E14000855
E06000032,-8,151285,Luton,E14000801
E06000032,1,11164,Luton,E14000801
E06000032,2,33473,Luton,E14000801
E06000032,3,29340,Luton,E14000801
E06000035,-8,189622,Medway,E14000626
E06000035,1,11674,Medway,E14000626
E06000035,2,55102,Medway,E14000626
E06000035,3,23375,Medway,E14000626
E06000036,-8,91071,Bracknell Forest,E14000586
E06000036,1,5257,Bracknell Forest,E14000586
E06000036,2,21202,Bracknell Forest,E14000586
E06000036,3,7077,Bracknell Forest,E14000586
E06000037,-8,113019,West Berkshire,E14000830
E06000037,1,6279,West Berkshire,E14000830
E06000037,2,33468,West Berkshire,E14000830
E06000037,3,8682,West Berkshire,E14000830
E06000038,-8,121730,Reading,E14000889
E06000038,1,10242,Reading,E14000889
E06000038,2,27392,Reading,E14000889
E06000038,3,14860,Reading,E14000889
E06000039,-8,113266,Slough,E14000930
E06000039,1,7595,Slough,E14000930
E06000039,2,19844,Slough,E14000930
E06000039,3,17795,Slough,E14000930
E06000040,-8,106123,Windsor and Maidenhead,E14000803
E06000040,1,6748,Windsor and Maidenhead,E14000803
E06000040,2,30298,Windsor and Maidenhead,E14000803
E06000040,3,10327,Windsor and Maidenhead,E14000803
E06000041,-8,126148,Wokingham,E14000586
E06000041,1,7236,Wokingham,E14000586
E06000041,2,34265,Wokingham,E14000586
E06000041,3,9853,Wokingham,E14000586
E06000042,-8,205607,Milton Keynes,E14000821
E06000042,1,12969,Milton Keynes,E14000821
E06000042,2,48631,Milton Keynes,E14000821
E06000042,3,19853,Milton Keynes,E14000821
E06000043,-8,181027,Brighton and Hove,E14000597
E06000043,1,18794,Brighton and Hove,E14000597
E06000043,2,54447,Brighton and Hove,E14000597
E06000043,3,22835,Brighton and Hove,E14000597
E06000044,-8,134970,Portsmouth,E14000883
E06000044,1,13423,Portsmouth,E14000883
E06000044,2,41032,Portsmouth,E14000883
E06000044,3,18579,Portsmouth,E14000883
E06000045,-8,162782,Southampton,E14000901
E06000045,1,16226,Southampton,E14000901
E06000045,2,45845,Southampton,E14000901
E06000045,3,24069,Southampton,E14000901
E06000047,-8,310325,County Durham,E14000840
E06000047,1,23087,County Durham,E14000840
E06000047,2,129645,County Durham,E14000840
E06000047,3,59011,County Durham,E14000840
E06000050,-8,230880,Cheshire West and Chester,E14000640
E06000050,1,15471,Cheshire West and Chester,E14000640
E06000050,2,84953,Cheshire West and Chester,E14000640
E06000050,3,25846,Cheshire West and Chester,E14000640
E06000051,-8,203783,Shropshire,E14000992
E06000051,1,12826,Shropshire,E14000992
E06000051,2,85969,Shropshire,E14000992
E06000051,3,21026,Shropshire,E14000992
E06000053,-8,1438,Isles of Scilly,E14000964
E06000053,1,89,Isles of Scilly,E14000964
E06000053,2,473,Isles of Scilly,E14000964
E06000053,3,53,Isles of Scilly,E14000964
E06000054,-8,343564,Wiltshire,E14000954
E06000054,1,19945,Wiltshire,E14000954
E06000054,2,118337,Wiltshire,E14000954
E06000054,3,28487,Wiltshire,E14000954
E06000055,-8,127972,Bedford,E14000552
E06000055,1,7989,Bedford,E14000552
E06000055,2,35457,Bedford,E14000552
E06000055,3,13807,Bedford,E14000552
E06000056,-8,208569,Central Bedfordshire,E14000801
E06000056,1,11222,Central Bedfordshire,E14000801
E06000056,2,57765,Central Bedfordshire,E14000801
E06000056,3,16696,Central Bedfordshire,E14000801
E06000057,-8,192498,Northumberland,E14000554
E06000057,1,12244,Northumberland,E14000554
E06000057,2,86935,Northumberland,E14000554
E06000057,3,28891,Northumberland,E14000554
E06000058,-8,251319,Bournemouth Christchurch and Poole,E14000584
E06000058,1,22185,Bournemouth Christchurch and Poole,E14000584
E06000058,2,99011,Bournemouth Christchurch and Poole,E14000584
E06000058,3,27681,Bournemouth Christchurch and Poole,E14000584
E06000059,-8,225454,Dorset,E14000638
E06000059,1,15797,Dorset,E14000638
E06000059,2,116646,Dorset,E14000638
E06000059,3,21682,Dorset,E14000638
E06000060,-8,382919,Buckinghamshire,E14000631
E06000060,1,22715,Buckinghamshire,E14000631
E06000060,2,112130,Buckinghamshire,E14000631
E06000060,3,35314,Buckinghamshire,E14000631
E06000061,-8,249194,North Northamptonshire,E14000648
E06000061,1,14068,North Northamptonshire,E14000648
E06000061,2,72279,North Northamptonshire,E14000648
E06000061,3,23986,North Northamptonshire,E14000648
E06000062,-8,298218,West Northamptonshire,E14000660
E06000062,1,18950,West Northamptonshire,E14000660
E06000062,2,81126,West Northamptonshire,E14000660
E06000062,3,27431,West Northamptonshire,E14000660
E07000008,-8,91507,Cambridge,E14000934
E07000008,1,13046,Cambridge,E14000934
E07000008,2,25952,Cambridge,E14000934
E07000008,3,15169,Cambridge,E14000934
E07000009,-8,61028,East Cambridgeshire,E14000842
E07000009,1,3207,East Cambridgeshire,E14000842
E07000009,2,18661,East Cambridgeshire,E14000842
E07000009,3,4865,East Cambridgeshire,E14000842
E07000010,-8,64738,Fenland,E14000842
E07000010,1,3731,Fenland,E14000842
E07000010,2,25383,Fenland,E14000842
E07000010,3,8610,Fenland,E14000842
E07000012,-8,114025,South Cambridgeshire,E14000934
E07000012,1,6028,South Cambridgeshire,E14000934
E07000012,2,33700,South Cambridgeshire,E14000934
E07000012,3,8366,South Cambridgeshire,E14000934
E07000026,-8,59876,Allerdale,E14000647
E07000026,1,3687,Allerdale,E14000647
E07000026,2,24709,Allerdale,E14000647
E07000026,3,7882,Allerdale,E14000647
E07000027,-8,42756,Barrow-in-Furness,E14000543
E07000027,1,2446,Barrow-in-Furness,E14000543
E07000027,2,16278,Barrow-in-Furness,E14000543
E07000027,3,5930,Barrow-in-Furness,E14000543
E07000028,-8,71631,Carlisle,E14000620
E07000028,1,4537,Carlisle,E14000620
E07000028,2,25423,Carlisle,E14000620
E07000028,3,8433,Carlisle,E14000620
E07000029,-8,41638,Copeland,E14000647
E07000029,1,2320,Copeland,E14000647
E07000029,2,17014,Copeland,E14000647
E07000029,3,6104,Copeland,E14000647
E07000030,-8,35435,Eden,E14000877
E07000030,1,2377,Eden,E14000877
E07000030,2,13746,Eden,E14000877
E07000030,3,3177,Eden,E14000877
E07000031,-8,64884,South Lakeland,E14000543
E07000031,1,4762,South Lakeland,E14000543
E07000031,2,29212,South Lakeland,E14000543
E07000031,3,5592,South Lakeland,E14000543
E07000032,-8,81314,Amber Valley,E14000533
E07000032,1,4597,Amber Valley,E14000533
E07000032,2,31693,Amber Valley,E14000533
E07000032,3,8602,Amber Valley,E14000533
E07000033,-8,52095,Bolsover,E14000577
E07000033,1,2703,Bolsover,E14000577
E07000033,2,18730,Bolsover,E14000577
E07000033,3,6745,Bolsover,E14000577
E07000034,-8,65098,Chesterfield,E14000632
E07000034,1,3777,Chesterfield,E14000632
E07000034,2,26318,Chesterfield,E14000632
E07000034,3,8377,Chesterfield,E14000632
E07000035,-8,43708,Derbyshire Dales,E14000664
E07000035,1,3014,Derbyshire Dales,E14000664
E07000035,2,20997,Derbyshire Dales,E14000664
E07000035,3,3821,Derbyshire Dales,E14000664
E07000036,-8,74346,Erewash,E14000695
E07000036,1,4208,Erewash,E14000695
E07000036,2,26266,Erewash,E14000695
E07000036,3,8086,Erewash,E14000695
E07000037,-8,59887,High Peak,E14000748
E07000037,1,3586,High Peak,E14000748
E07000037,2,21928,High Peak,E14000748
E07000037,3,5532,High Peak,E14000748
E07000038,-8,63290,North East Derbyshire,E14000577
E07000038,1,3682,North East Derbyshire,E14000577
E07000038,2,27658,North East Derbyshire,E14000577
E07000038,3,7371,North East Derbyshire,E14000577
E07000041,-8,79078,Exeter,E14000698
E07000041,1,11142,Exeter,E14000698
E07000041,2,28990,Exeter,E14000698
E07000041,3,11499,Exeter,E14000698
E07000042,-8,54929,Mid Devon,E14000623
E07000042,1,3196,Mid Devon,E14000623
E07000042,2,20131,Mid Devon,E14000623
E07000042,3,4596,Mid Devon,E14000623
E07000043,-8,61581,North Devon,E14000838
E07000043,1,4390,North Devon,E14000838
E07000043,2,26760,North Devon,E14000838
E07000043,3,5881,North Devon,E14000838
E07000045,-8,83479,Teignbridge,E14000623
E07000045,1,5447,Teignbridge,E14000623
E07000045,2,38369,Teignbridge,E14000623
E07000045,3,7508,Teignbridge,E14000623
E07000046,-8,40608,Torridge,E14001000
E07000046,1,2755,Torridge,E14001000
E07000046,2,20449,Torridge,E14001000
E07000046,3,4301,Torridge,E14001000
E07000047,-8,34117,West Devon,E14000623
E07000047,1,2264,West Devon,E14000623
E07000047,2,17350,West Devon,E14000623
E07000047,3,3365,West Devon,E14000623
E07000061,-8,60941,Eastbourne,E14000684
E07000061,1,4494,Eastbourne,E14000684
E07000061,2,28177,Eastbourne,E14000684
E07000061,3,8074,Eastbourne,E14000684
E07000062,-8,57190,Hastings,E14000735
E07000062,1,3692,Hastings,E14000735
E07000062,2,22118,Hastings,E14000735
E07000062,3,7994,Hastings,E14000735
E07000063,-8,61190,Lewes,E14000597
E07000063,1,4074,Lewes,E14000597
E07000063,2,28094,Lewes,E14000597
E07000063,3,6547,Lewes,E14000597
E07000067,-8,104983,Braintree,E14000590
E07000067,1,6024,Braintree,E14000590
E07000067,2,34553,Braintree,E14000590
E07000067,3,9708,Braintree,E14000590
E07000068,-8,52081,Brentwood,E14000594
E07000068,1,3068,Brentwood,E14000594
E07000068,2,17139,Brentwood,E14000594
E07000068,3,4762,Brentwood,E14000594
E07000069,-8,56181,Castle Point,E14000622
E07000069,1,3267,Castle Point,E14000622
E07000069,2,23318,Castle Point,E14000622
E07000069,3,6822,Castle Point,E14000622
E07000070,-8,123647,Chelmsford,E14000806
E07000070,1,7353,Chelmsford,E14000806
E07000070,2,39394,Chelmsford,E14000806
E07000070,3,11129,Chelmsford,E14000806
E07000071,-8,128388,Colchester,E14000644
E07000071,1,9461,Colchester,E14000644
E07000071,2,40708,Colchester,E14000644
E07000071,3,14158,Colchester,E14000644
E07000072,-8,90844,Epping Forest,E14000693
E07000072,1,5900,Epping Forest,E14000693
E07000072,2,28075,Epping Forest,E14000693
E07000072,3,10161,Epping Forest,E14000693
E07000074,-8,42036,Maldon,E14000806
E07000074,1,2585,Maldon,E14000806
E07000074,2,17374,Maldon,E14000806
E07000074,3,4213,Maldon,E14000806
E07000076,-8,81680,Tendring,E14000642
E07000076,1,5895,Tendring,E14000642
E07000076,2,47167,Tendring,E14000642
E07000076,3,13548,Tendring,E14000642
E07000079,-8,58596,Cotswold,E14000991
E07000079,1,4158,Cotswold,E14000991
E07000079,2,23607,Cotswold,E14000991
E07000079,3,4472,Cotswold,E14000991
E07000080,-8,53947,Forest of Dean,E14000705
E07000080,1,3770,Forest of Dean,E14000705
E07000080,2,23030,Forest of Dean,E14000705
E07000080,3,6257,Forest of Dean,E14000705
E07000082,-8,80828,Stroud,E14000980
E07000082,1,4677,Stroud,E14000980
E07000082,2,29174,Stroud,E14000980
E07000082,3,6425,Stroud,E14000980
E07000084,-8,132320,Basingstoke and Deane,E14000545
E07000084,1,7209,Basingstoke and Deane,E14000545
E07000084,2,35657,Basingstoke and Deane,E14000545
E07000084,3,9968,Basingstoke and Deane,E14000545
E07000085,-8,83646,East Hampshire,E14000811
E07000085,1,4899,East Hampshire,E14000811
E07000085,2,30453,East Hampshire,E14000811
E07000085,3,6746,East Hampshire,E14000811
E07000086,-8,95627,Eastleigh,E14000685
E07000086,1,5121,Eastleigh,E14000685
E07000086,2,28404,Eastleigh,E14000685
E07000086,3,7291,Eastleigh,E14000685
E07000087,-8,74506,Fareham,E14000699
E07000087,1,4186,Fareham,E14000699
E07000087,2,29407,Fareham,E14000699
E07000087,3,6414,Fareham,E14000699
E07000088,-8,53225,Gosport,E14000713
E07000088,1,3291,Gosport,E14000713
E07000088,2,19818,Gosport,E14000713
E07000088,3,5618,Gosport,E14000713
E07000089,-8,69525,Hart,E14000844
E07000089,1,3907,Hart,E14000844
E07000089,2,21284,Hart,E14000844
E07000089,3,4692,Hart,E14000844
E07000091,-8,105743,New Forest,E14000828
E07000091,1,6949,New Forest,E14000828
E07000091,2,52818,New Forest,E14000828
E07000091,3,10275,New Forest,E14000828
E07000092,-8,71900,Rushmoor,E14000530
E07000092,1,4104,Rushmoor,E14000530
E07000092,2,15916,Rushmoor,E14000530
E07000092,3,7836,Rushmoor,E14000530
E07000093,-8,89602,Test Valley,E14000857
E07000093,1,5038,Test Valley,E14000857
E07000093,2,29066,Test Valley,E14000857
E07000093,3,6786,Test Valley,E14000857
E07000094,-8,83267,Winchester,E14001041
E07000094,1,6848,Winchester,E14001041
E07000094,2,29891,Winchester,E14001041
E07000094,3,7438,Winchester,E14001041
E07000095,-8,67876,Broxbourne,E14000606
E07000095,1,4164,Broxbourne,E14000606
E07000095,2,19326,Broxbourne,E14000606
E07000095,3,7641,Broxbourne,E14000606
E07000096,-8,108500,Dacorum,E14000739
E07000096,1,6373,Dacorum,E14000739
E07000096,2,31028,Dacorum,E14000739
E07000096,3,9182,Dacorum,E14000739
E07000098,-8,74401,Hertsmere,E14000745
E07000098,1,4717,Hertsmere,E14000745
E07000098,2,20540,Hertsmere,E14000745
E07000098,3,8169,Hertsmere,E14000745
E07000099,-8,92628,North Hertfordshire,E14000749
E07000099,1,5065,North Hertfordshire,E14000749
E07000099,2,28235,North Hertfordshire,E14000749
E07000099,3,7282,North Hertfordshire,E14000749
E07000102,-8,65716,Three Rivers,E14000951
E07000102,1,3814,Three Rivers,E14000951
E07000102,2,18323,Three Rivers,E14000951
E07000102,3,5918,Three Rivers,E14000951
E07000106,-8,90819,Canterbury,E14000619
E07000106,1,10473,Canterbury,E14000619
E07000106,2,41023,Canterbury,E14000619
E07000106,3,15114,Canterbury,E14000619
E07000107,-8,84878,Dartford,E14000659
E07000107,1,4519,Dartford,E14000659
E07000107,2,19341,Dartford,E14000659
E07000107,3,8015,Dartford,E14000659
E07000108,-8,71205,Dover,E14000670
E07000108,1,4560,Dover,E14000670
E07000108,2,31057,Dover,E14000670
E07000108,3,9588,Dover,E14000670
E07000109,-8,72106,Gravesham,E14000715
E07000109,1,4415,Gravesham,E14000715
E07000109,2,21241,Gravesham,E14000715
E07000109,3,9138,Gravesham,E14000715
E07000110,-8,120055,Maidstone,E14000804
E07000110,1,6720,Maidstone,E14000804
E07000110,2,37416,Maidstone,E14000804
E07000110,3,11591,Maidstone,E14000804
E07000111,-8,80295,Sevenoaks,E14000659
E07000111,1,4571,Sevenoaks,E14000659
E07000111,2,28122,Sevenoaks,E14000659
E07000111,3,7526,Sevenoaks,E14000659
E07000113,-8,98880,Swale,E14000700
E07000113,1,5772,Swale,E14000700
E07000113,2,34279,Swale,E14000700
E07000113,3,12746,Swale,E14000700
E07000114,-8,84360,Thanet,E14000852
E07000114,1,5481,Thanet,E14000852
E07000114,2,38197,Thanet,E14000852
E07000114,3,12549,Thanet,E14000852
E07000115,-8,91101,Tonbridge and Malling,E14000626
E07000115,1,4876,Tonbridge and Malling,E14000626
E07000115,2,28164,Tonbridge and Malling,E14000626
E07000115,3,8060,Tonbridge and Malling,E14000626
E07000116,-8,78807,Tunbridge Wells,E14000804
E07000116,1,4444,Tunbridge Wells,E14000804
E07000116,2,25141,Tunbridge Wells,E14000804
E07000116,3,6919,Tunbridge Wells,E14000804
E07000117,-8,59481,Burnley,E14000609
E07000117,1,3836,Burnley,E14000609
E07000117,2,20571,Burnley,E14000609
E07000117,3,10758,Burnley,E14000609
E07000118,-8,78607,Chorley,E14000637
E07000118,1,4155,Chorley,E14000637
E07000118,2,27112,Chorley,E14000637
E07000118,3,7856,Chorley,E14000637
E07000121,-8,85695,Lancaster,E14000776
E07000121,1,8680,Lancaster,E14000776
E07000121,2,35074,Lancaster,E14000776
E07000121,3,13485,Lancaster,E14000776
E07000122,-8,60158,Pendle,E14000875
E07000122,1,3961,Pendle,E14000875
E07000122,2,19876,Pendle,E14000875
E07000122,3,11763,Pendle,E14000875
E07000123,-8,95800,Preston,E14000706
E07000123,1,7496,Preston,E14000706
E07000123,2,28352,Preston,E14000706
E07000123,3,16187,Preston,E14000706
E07000125,-8,46687,Rossendale,E14000902
E07000125,1,2573,Rossendale,E14000902
E07000125,2,15803,Rossendale,E14000902
E07000125,3,5808,Rossendale,E14000902
E07000126,-8,74246,South Ribble,E14000894
E07000126,1,3898,South Ribble,E14000894
E07000126,2,25561,South Ribble,E14000894
E07000126,3,7329,South Ribble,E14000894
E07000127,-8,72642,West Lancashire,E14001033
E07000127,1,6514,West Lancashire,E14001033
E07000127,2,28253,West Lancashire,E14001033
E07000127,3,10020,West Lancashire,E14001033
E07000128,-8,65430,Wyre,E14000572
E07000128,1,4400,Wyre,E14000572
E07000128,2,32772,Wyre,E14000572
E07000128,3,9344,Wyre,E14000572
E07000129,-8,70706,Blaby,E14000940
E07000129,1,3651,Blaby,E14000940
E07000129,2,21934,Blaby,E14000940
E07000129,3,6635,Blaby,E14000940
E07000130,-8,115670,Charnwood,E14000625
E07000130,1,12403,Charnwood,E14000625
E07000130,2,40170,Charnwood,E14000625
E07000130,3,15728,Charnwood,E14000625
E07000131,-8,65968,Harborough,E14000940
E07000131,1,3723,Harborough,E14000940
E07000131,2,22563,Harborough,E14000940
E07000131,3,5371,Harborough,E14000940
E07000132,-8,75608,Hinckley and Bosworth,E14000583
E07000132,1,4130,Hinckley and Bosworth,E14000583
E07000132,2,26740,Hinckley and Bosworth,E14000583
E07000132,3,7162,Hinckley and Bosworth,E14000583
E07000133,-8,34271,Melton,E14000909
E07000133,1,1970,Melton,E14000909
E07000133,2,12596,Melton,E14000909
E07000133,3,2915,Melton,E14000909
E07000134,-8,70501,North West Leicestershire,E14000858
E07000134,1,4232,North West Leicestershire,E14000858
E07000134,2,23293,North West Leicestershire,E14000858
E07000134,3,6679,North West Leicestershire,E14000858
E07000135,-8,36526,Oadby and Wigston,E14000728
E07000135,1,2732,Oadby and Wigston,E14000728
E07000135,2,13192,Oadby and Wigston,E14000728
E07000135,3,5297,Oadby and Wigston,E14000728
E07000137,-8,76455,East Lindsey,E14000582
E07000137,1,6359,East Lindsey,E14000582
E07000137,2,46446,East Lindsey,E14000582
E07000137,3,13034,East Lindsey,E14000582
E07000138,-8,63464,Lincoln,E14000792
E07000138,1,8168,Lincoln,E14000792
E07000138,2,21934,Lincoln,E14000792
E07000138,3,10247,Lincoln,E14000792
E07000139,-8,76951,North Kesteven,E14000792
E07000139,1,4174,North Kesteven,E14000792
E07000139,2,29352,North Kesteven,E14000792
E07000139,3,7597,North Kesteven,E14000792
E07000140,-8,61358,South Holland,E14000939
E07000140,1,3437,South Holland,E14000939
E07000140,2,24024,South Holland,E14000939
E07000140,3,6303,South Holland,E14000939
E07000141,-8,93588,South Kesteven,E14000714
E07000141,1,5537,South Kesteven,E14000714
E07000141,2,35140,South Kesteven,E14000714
E07000141,3,9139,South Kesteven,E14000714
E07000143,-8,89262,Breckland,E14000816
E07000143,1,5299,Breckland,E14000816
E07000143,2,37494,Breckland,E14000816
E07000143,3,9421,Breckland,E14000816
E07000144,-8,83804,Broadland,E14000863
E07000144,1,4846,Broadland,E14000863
E07000144,2,35632,Broadland,E14000863
E07000144,3,7437,Broadland,E14000863
E07000145,-8,58168,Great Yarmouth,E14000717
E07000145,1,4673,Great Yarmouth,E14000717
E07000145,2,27678,Great Yarmouth,E14000717
E07000145,3,9229,Great Yarmouth,E14000717
E07000146,-8,94656,Kings Lynn and West Norfolk,E14000952
E07000146,1,5991,Kings Lynn and West Norfolk,E14000952
E07000146,2,42402,Kings Lynn and West Norfolk,E14000952
E07000146,3,11276,Kings Lynn and West Norfolk,E14000952
E07000148,-8,88879,Norwich,E14000864
E07000148,1,10356,Norwich,E14000864
E07000148,2,31240,Norwich,E14000864
E07000148,3,13448,Norwich,E14000864
E07000149,-8,92478,South Norfolk,E14000816
E07000149,1,5054,South Norfolk,E14000816
E07000149,2,36488,South Norfolk,E14000816
E07000149,3,7928,South Norfolk,E14000816
E07000163,-8,35775,Craven,E14000928
E07000163,1,2305,Craven,E14000928
E07000163,2,15912,Craven,E14000928
E07000163,3,2935,Craven,E14000928
E07000164,-8,57110,Hambleton,E14000895
E07000164,1,3652,Hambleton,E14000895
E07000164,2,24561,Hambleton,E14000895
E07000164,3,5367,Hambleton,E14000895
E07000165,-8,107047,Harrogate,E14000730
E07000165,1,6715,Harrogate,E14000730
E07000165,2,39177,Harrogate,E14000730
E07000165,3,9728,Harrogate,E14000730
E07000166,-8,32715,Richmondshire,E14000895
E07000166,1,2177,Richmondshire,E14000895
E07000166,2,11865,Richmondshire,E14000895
E07000166,3,3019,Richmondshire,E14000895
E07000167,-8,34343,Ryedale,E14000993
E07000167,1,2302,Ryedale,E14000993
E07000167,2,14808,Ryedale,E14000993
E07000167,3,3253,Ryedale,E14000993
E07000169,-8,62680,Selby,E14000917
E07000169,1,3503,Selby,E14000917
E07000169,2,20415,Selby,E14000917
E07000169,3,5391,Selby,E14000917
E07000170,-8,81884,Ashfield,E14000535
E07000170,1,4489,Ashfield,E14000535
E07000170,2,29329,Ashfield,E14000535
E07000170,3,10598,Ashfield,E14000535
E07000171,-8,75353,Bassetlaw,E14000546
E07000171,1,4245,Bassetlaw,E14000546
E07000171,2,28697,Bassetlaw,E14000546
E07000171,3,9511,Bassetlaw,E14000546
E07000172,-8,70316,Broxtowe,E14000535
E07000172,1,5025,Broxtowe,E14000535
E07000172,2,26992,Broxtowe,E14000535
E07000172,3,8610,Broxtowe,E14000535
E07000173,-8,76993,Gedling,E14000710
E07000173,1,4365,Gedling,E14000710
E07000173,2,27654,Gedling,E14000710
E07000173,3,8251,Gedling,E14000710
E07000175,-8,78102,Newark and Sherwood,E14000829
E07000175,1,4800,Newark and Sherwood,E14000829
E07000175,2,30511,Newark and Sherwood,E14000829
E07000175,3,9543,Newark and Sherwood,E14000829
E07000176,-8,78332,Rushcliffe,E14000908
E07000176,1,5161,Rushcliffe,E14000908
E07000176,2,28239,Rushcliffe,E14000908
E07000176,3,7345,Rushcliffe,E14000908
E07000177,-8,115400,Cherwell,E14000539
E07000177,1,6780,Cherwell,E14000539
E07000177,2,30030,Cherwell,E14000539
E07000177,3,8807,Cherwell,E14000539
E07000178,-8,98648,Oxford,E14000874
E07000178,1,16564,Oxford,E14000874
E07000178,2,28849,Oxford,E14000874
E07000178,3,17979,Oxford,E14000874
E07000179,-8,104070,South Oxfordshire,E14000742
E07000179,1,5685,South Oxfordshire,E14000742
E07000179,2,31913,South Oxfordshire,E14000742
E07000179,3,7417,South Oxfordshire,E14000742
E07000180,-8,97350,Vale of White Horse,E14001015
E07000180,1,5310,Vale of White Horse,E14001015
E07000180,2,28950,Vale of White Horse,E14001015
E07000180,3,7303,Vale of White Horse,E14001015
E07000181,-8,79354,West Oxfordshire,E14001046
E07000181,1,4335,West Oxfordshire,E14001046
E07000181,2,25038,West Oxfordshire,E14001046
E07000181,3,5510,West Oxfordshire,E14001046
E07000187,-8,75709,Mendip,E14000932
E07000187,1,4649,Mendip,E14000932
E07000187,2,28994,Mendip,E14000932
E07000187,3,6735,Mendip,E14000932
E07000188,-8,80709,Sedgemoor,E14001026
E07000188,1,4865,Sedgemoor,E14001026
E07000188,2,31568,Sedgemoor,E14001026
E07000188,3,8201,Sedgemoor,E14001026
E07000189,-8,109789,South Somerset,E14000932
E07000189,1,6536,South Somerset,E14000932
E07000189,2,46564,South Somerset,E14000932
E07000189,3,9781,South Somerset,E14000932
E07000192,-8,66918,Cannock Chase,E14000618
E07000192,1,3769,Cannock Chase,E14000618
E07000192,2,22117,Cannock Chase,E14000618
E07000192,3,7715,Cannock Chase,E14000618
E07000193,-8,82829,East Staffordshire,E14000610
E07000193,1,5100,East Staffordshire,E14000610
E07000193,2,26136,East Staffordshire,E14000610
E07000193,3,9952,East Staffordshire,E14000610
E07000194,-8,68315,Lichfield,E14000791
E07000194,1,4017,Lichfield,E14000791
E07000194,2,27044,Lichfield,E14000791
E07000194,3,7063,Lichfield,E14000791
E07000195,-8,76798,Newcastle-under-Lyme,E14000834
E07000195,1,5707,Newcastle-under-Lyme,E14000834
E07000195,2,30493,Newcastle-under-Lyme,E14000834
E07000195,3,10301,Newcastle-under-Lyme,E14000834
E07000196,-8,67799,South Staffordshire,E14000945
E07000196,1,4167,South Staffordshire,E14000945
E07000196,2,30359,South Staffordshire,E14000945
E07000196,3,8147,South Staffordshire,E14000945
E07000197,-8,89018,Stafford,E14000975
E07000197,1,5167,Stafford,E14000975
E07000197,2,34220,Stafford,E14000975
E07000197,3,8461,Stafford,E14000975
E07000199,-8,53014,Tamworth,E14000986
E07000199,1,3036,Tamworth,E14000986
E07000199,2,16855,Tamworth,E14000986
E07000199,3,5742,Tamworth,E14000986
E07000200,-8,57919,Babergh,E14000946
E07000200,1,3594,Babergh,E14000946
E07000200,2,25490,Babergh,E14000946
E07000200,3,5338,Babergh,E14000946
E07000203,-8,66418,Mid Suffolk,E14000624
E07000203,1,3813,Mid Suffolk,E14000624
E07000203,2,26964,Mid Suffolk,E14000624
E07000203,3,5504,Mid Suffolk,E14000624
E07000207,-8,96960,Elmbridge,E14000697
E07000207,1,5454,Elmbridge,E14000697
E07000207,2,28046,Elmbridge,E14000697
E07000207,3,8294,Elmbridge,E14000697
E07000208,-8,56240,Epsom and Ewell,E14000694
E07000208,1,3307,Epsom and Ewell,E14000694
E07000208,2,16058,Epsom and Ewell,E14000694
E07000208,3,5334,Epsom and Ewell,E14000694
E07000209,-8,94068,Guildford,E14000719
E07000209,1,9447,Guildford,E14000719
E07000209,2,29752,Guildford,E14000719
E07000209,3,10383,Guildford,E14000719
E07000210,-8,57388,Mole Valley,E14000694
E07000210,1,3552,Mole Valley,E14000694
E07000210,2,21471,Mole Valley,E14000694
E07000210,3,4975,Mole Valley,E14000694
E07000211,-8,105843,Reigate and Banstead,E14000681
E07000211,1,5983,Reigate and Banstead,E14000681
E07000211,2,29894,Reigate and Banstead,E14000681
E07000211,3,9125,Reigate and Banstead,E14000681
E07000212,-8,57818,Runnymede,E14000907
E07000212,1,5424,Runnymede,E14000907
E07000212,2,17754,Runnymede,E14000907
E07000212,3,7083,Runnymede,E14000907
E07000213,-8,71133,Spelthorne,E14000959
E07000213,1,4663,Spelthorne,E14000959
E07000213,2,20315,Spelthorne,E14000959
E07000213,3,6845,Spelthorne,E14000959
E07000215,-8,59623,Tandridge,E14000681
E07000215,1,3290,Tandridge,E14000681
E07000215,2,19446,Tandridge,E14000681
E07000215,3,5516,Tandridge,E14000681
E07000216,-8,85316,Waverley,E14000719
E07000216,1,5248,Waverley,E14000719
E07000216,2,29987,Waverley,E14000719
E07000216,3,7678,Waverley,E14000719
E07000217,-8,73703,Woking,E14001047
E07000217,1,4204,Woking,E14001047
E07000217,2,19362,Woking,E14001047
E07000217,3,6674,Woking,E14001047
E07000218,-8,42891,North Warwickshire,E14000854
E07000218,1,2581,North Warwickshire,E14000854
E07000218,2,14861,North Warwickshire,E14000854
E07000218,3,4702,North Warwickshire,E14000854
E07000219,-8,88723,Nuneaton and Bedworth,E14000854
E07000219,1,5264,Nuneaton and Bedworth,E14000854
E07000219,2,28898,Nuneaton and Bedworth,E14000854
E07000219,3,11311,Nuneaton and Bedworth,E14000854
E07000220,-8,80282,Rugby,E14000767
E07000220,1,4248,Rugby,E14000767
E07000220,2,22755,Rugby,E14000767
E07000220,3,7077,Rugby,E14000767
E07000221,-8,88322,Stratford-on-Avon,E14000977
E07000221,1,5244,Stratford-on-Avon,E14000977
E07000221,2,33920,Stratford-on-Avon,E14000977
E07000221,3,7242,Stratford-on-Avon,E14000977
E07000222,-8,97946,Warwick,E14000767
E07000222,1,7768,Warwick,E14000767
E07000222,2,31847,Warwick,E14000767
E07000222,3,10892,Warwick,E14000767
E07000223,-8,41416,Adur,E14000682
E07000223,1,2485,Adur,E14000682
E07000223,2,16200,Adur,E14000682
E07000223,3,4443,Adur,E14000682
E07000224,-8,98526,Arun,E14000576
E07000224,1,6918,Arun,E14000576
E07000224,2,48152,Arun,E14000576
E07000224,3,11293,Arun,E14000576
E07000225,-8,75724,Chichester,E14000534
E07000225,1,6264,Chichester,E14000534
E07000225,2,34691,Chichester,E14000534
E07000225,3,7389,Chichester,E14000534
E07000226,-8,83825,Crawley,E14000652
E07000226,1,6266,Crawley,E14000652
E07000226,2,19668,Crawley,E14000652
E07000226,3,8734,Crawley,E14000652
E07000227,-8,98284,Horsham,E14000534
E07000227,1,5834,Horsham,E14000534
E07000227,2,35024,Horsham,E14000534
E07000227,3,7638,Horsham,E14000534
E07000228,-8,105822,Mid Sussex,E14000534
E07000228,1,5826,Mid Sussex,E14000534
E07000228,2,33351,Mid Sussex,E14000534
E07000228,3,7567,Mid Sussex,E14000534
E07000229,-8,72540,Worthing,E14001055
E07000229,1,4422,Worthing,E14001055
E07000229,2,27193,Worthing,E14001055
E07000229,3,7184,Worthing,E14001055
E07000234,-8,65369,Bromsgrove,E14000605
E07000234,1,3674,Bromsgrove,E14000605
E07000234,2,23714,Bromsgrove,E14000605
E07000234,3,6426,Bromsgrove,E14000605
E07000235,-8,48166,Malvern Hills,E14001035
E07000235,1,3106,Malvern Hills,E14001035
E07000235,2,23241,Malvern Hills,E14001035
E07000235,3,4974,Malvern Hills,E14001035
E07000236,-8,59479,Redditch,E14000892
E07000236,1,3535,Redditch,E14000892
E07000236,2,17672,Redditch,E14000892
E07000236,3,6350,Redditch,E14000892
E07000237,-8,69894,Worcester,E14001052
E07000237,1,5202,Worcester,E14001052
E07000237,2,21299,Worcester,E14001052
E07000237,3,7477,Worcester,E14001052
E07000238,-8,85435,Wychavon,E14000818
E07000238,1,5069,Wychavon,E14000818
E07000238,2,34017,Wychavon,E14000818
E07000238,3,7974,Wychavon,E14000818
E07000239,-8,62833,Wyre Forest,E14001058
E07000239,1,3897,Wyre Forest,E14001058
E07000239,2,27127,Wyre Forest,E14001058
E07000239,3,7750,Wyre Forest,E14001058
E07000240,-8,104947,St Albans,E14000749
E07000240,1,5778,St Albans,E14000749
E07000240,2,29034,St Albans,E14000749
E07000240,3,8408,St Albans,E14000749
E07000241,-8,80500,Welwyn Hatfield,E14000606
E07000241,1,6956,Welwyn Hatfield,E14000606
E07000241,2,22873,Welwyn Hatfield,E14000606
E07000241,3,9506,Welwyn Hatfield,E14000606
E07000242,-8,105530,East Hertfordshire,E14000744
E07000242,1,6040,East Hertfordshire,E14000744
E07000242,2,30349,East Hertfordshire,E14000744
E07000242,3,8239,East Hertfordshire,E14000744
E07000243,-8,63719,Stevenage,E14000845
E07000243,1,3482,Stevenage,E14000845
E07000243,2,16315,Stevenage,E14000845
E07000243,3,5979,Stevenage,E14000845
E07000244,-8,145704,East Suffolk,E14000624
E07000244,1,9755,East Suffolk,E14000624
E07000244,2,74032,East Suffolk,E14000624
E07000244,3,16566,East Suffolk,E14000624
E07000245,-8,121440,West Suffolk,E14000613
E07000245,1,7603,West Suffolk,E14000613
E07000245,2,40209,West Suffolk,E14000613
E07000245,3,10696,West Suffolk,E14000613
E07000246,-8,99444,Somerset West and Taunton,E14000988
E07000246,1,6065,Somerset West and Taunton,E14000988
E07000246,2,42287,Somerset West and Taunton,E14000988
E07000246,3,9649,Somerset West and Taunton,E14000988
E08000002,-8,127461,Bury,E14000611
E08000002,1,7386,Bury,E14000611
E08000002,2,40164,Bury,E14000611
E08000002,3,18840,Bury,E14000611
E08000003,-8,348263,Manchester,E14000571
E08000003,1,38807,Manchester,E14000571
E08000003,2,83518,Manchester,E14000571
E08000003,3,81350,Manchester,E14000571
E08000004,-8,153259,Oldham,E14000871
E08000004,1,10257,Oldham,E14000871
E08000004,2,46495,Oldham,E14000871
E08000004,3,32077,Oldham,E14000871
E08000005,-8,143285,Rochdale,E14000747
E08000005,1,8988,Rochdale,E14000747
E08000005,2,44498,Rochdale,E14000747
E08000005,3,27002,Rochdale,E14000747
E08000006,-8,180606,Salford,E14000571
E08000006,1,14210,Salford,E14000571
E08000006,2,46554,Salford,E14000571
E08000006,3,28553,Salford,E14000571
E08000007,-8,195652,Stockport,E14000627
E08000007,1,10900,Stockport,E14000627
E08000007,2,65698,Stockport,E14000627
E08000007,3,22523,Stockport,E14000627
E08000008,-8,151590,Tameside,E14000537
E08000008,1,8798,Tameside,E14000537
E08000008,2,47926,Tameside,E14000537
E08000008,3,22757,Tameside,E14000537
E08000009,-8,160459,Trafford,E14000532
E08000009,1,9156,Trafford,E14000532
E08000009,2,46700,Trafford,E14000532
E08000009,3,18738,Trafford,E14000532
E08000010,-8,215250,Wigan,E14000580
E08000010,1,12012,Wigan,E14000580
E08000010,2,72576,Wigan,E14000580
E08000010,3,29492,Wigan,E14000580
E08000011,-8,99712,Knowsley,E14000775
E08000011,1,6112,Knowsley,E14000775
E08000011,2,30193,Knowsley,E14000775
E08000011,3,18502,Knowsley,E14000775
E08000012,-8,288810,Liverpool,E14000708
E08000012,1,33594,Liverpool,E14000708
E08000012,2,97059,Liverpool,E14000708
E08000012,3,66625,Liverpool,E14000708
E08000013,-8,115300,St. Helens,E14000962
E08000013,1,6828,St. Helens,E14000962
E08000013,2,42822,St. Helens,E14000962
E08000013,3,18296,St. Helens,E14000962
E08000014,-8,171440,Sefton,E14000581
E08000014,1,10990,Sefton,E14000581
E08000014,2,70851,Sefton,E14000581
E08000014,3,25952,Sefton,E14000581
E08000015,-8,197591,Wirral,E14000559
E08000015,1,12285,Wirral,E14000559
E08000015,2,79958,Wirral,E14000559
E08000015,3,30365,Wirral,E14000559
E08000016,-8,156462,Barnsley,E14000541
E08000016,1,8953,Barnsley,E14000541
E08000016,2,56262,Barnsley,E14000541
E08000016,3,22895,Barnsley,E14000541
E08000017,-8,195039,Doncaster,E14000667
E08000017,1,12720,Doncaster,E14000667
E08000017,2,69605,Doncaster,E14000667
E08000017,3,30742,Doncaster,E14000667
E08000018,-8,168037,Rotherham,E14000903
E08000018,1,10199,Rotherham,E14000903
E08000018,2,60330,Rotherham,E14000903
E08000018,3,27241,Rotherham,E14000903
E08000021,-8,176753,Newcastle upon Tyne,E14000831
E08000021,1,22905,Newcastle upon Tyne,E14000831
E08000021,2,60262,Newcastle upon Tyne,E14000831
E08000021,3,40205,Newcastle upon Tyne,E14000831
E08000022,-8,134720,North Tyneside,E14000853
E08000022,1,7596,North Tyneside,E14000853
E08000022,2,47414,North Tyneside,E14000853
E08000022,3,19237,North Tyneside,E14000853
E08000023,-8,88992,South Tyneside,E14000765
E08000023,1,5746,South Tyneside,E14000765
E08000023,2,35430,South Tyneside,E14000765
E08000023,3,17608,South Tyneside,E14000765
E08000024,-8,165252,Sunderland,E14001020
E08000024,1,10871,Sunderland,E14001020
E08000024,2,63945,Sunderland,E14001020
E08000024,3,34104,Sunderland,E14001020
E08000025,-8,697714,Birmingham,E14000565
E08000025,1,60649,Birmingham,E14000565
E08000025,2,200437,Birmingham,E14000565
E08000025,3,186119,Birmingham,E14000565
E08000026,-8,218594,Coventry,E14000649
E08000026,1,20968,Coventry,E14000649
E08000026,2,64571,Coventry,E14000649
E08000026,3,41191,Coventry,E14000649
E08000027,-8,205640,Dudley,E14000671
E08000027,1,11916,Dudley,E14000671
E08000027,2,75739,Dudley,E14000671
E08000027,3,30193,Dudley,E14000671
E08000028,-8,216876,Sandwell,E14000722
E08000028,1,14496,Sandwell,E14000722
E08000028,2,62719,Sandwell,E14000722
E08000028,3,47741,Sandwell,E14000722
E08000029,-8,139678,Solihull,E14000812
E08000029,1,8432,Solihull,E14000812
E08000029,2,50849,Solihull,E14000812
E08000029,3,17281,Solihull,E14000812
E08000030,-8,179557,Walsall,E14000531
E08000030,1,10932,Walsall,E14000531
E08000030,2,59548,Walsall,E14000531
E08000030,3,34087,Walsall,E14000531
E08000031,-8,166594,Wolverhampton,E14001049
E08000031,1,11602,Wolverhampton,E14001049
E08000031,2,53234,Wolverhampton,E14001049
E08000031,3,32297,Wolverhampton,E14001049
E08000032,-8,345974,Bradford,E14000925
E08000032,1,21691,Bradford,E14000925
E08000032,2,101628,Bradford,E14000925
E08000032,3,77118,Bradford,E14000925
E08000033,-8,133378,Calderdale,E14000614
E08000033,1,8243,Calderdale,E14000614
E08000033,2,46609,Calderdale,E14000614
E08000033,3,18401,Calderdale,E14000614
E08000034,-8,277025,Kirklees,E14000548
E08000034,1,17780,Kirklees,E14000548
E08000034,2,91330,Kirklees,E14000548
E08000034,3,47081,Kirklees,E14000548
E08000035,-8,527546,Leeds,E14000777
E08000035,1,46612,Leeds,E14000777
E08000035,2,160051,Leeds,E14000777
E08000035,3,77744,Leeds,E14000777
E08000036,-8,230473,Wakefield,E14000836
E08000036,1,13266,Wakefield,E14000836
E08000036,2,79025,Wakefield,E14000836
E08000036,3,30606,Wakefield,E14000836
E08000037,-8,121921,Gateshead,E14000574
E08000037,1,7685,Gateshead,E14000574
E08000037,2,45185,Gateshead,E14000574
E08000037,3,21360,Gateshead,E14000574
E09000001,-8,5930,City of London,E14000639
E09000001,1,508,City of London,E14000639
E09000001,2,1412,City of London,E14000639
E09000001,3,733,City of London,E14000639
E09000002,-8,151713,Barking and Dagenham,E14000540
E09000002,1,10242,Barking and Dagenham,E14000540
E09000002,2,28678,Barking and Dagenham,E14000540
E09000002,3,28236,Barking and Dagenham,E14000540
E09000003,-8,266165,Barnet,E14000703
E09000003,1,18730,Barnet,E14000703
E09000003,2,63342,Barnet,E14000703
E09000003,3,41107,Barnet,E14000703
E09000004,-8,168628,Bexley,E14000558
E09000004,1,10402,Bexley,E14000558
E09000004,2,47214,Bexley,E14000558
E09000004,3,20228,Bexley,E14000558
E09000005,-8,225670,Brent,E14000592
E09000005,1,18479,Brent,E14000592
E09000005,2,48297,Brent,E14000592
E09000005,3,47370,Brent,E14000592
E09000006,-8,227025,Bromley,E14000551
E09000006,1,12797,Bromley,E14000551
E09000006,2,67099,Bromley,E14000551
E09000006,3,23070,Bromley,E14000551
E09000007,-8,134739,Camden,E14000727
E09000007,1,13558,Camden,E14000727
E09000007,2,34511,Camden,E14000727
E09000007,3,27328,Camden,E14000727
E09000008,-8,269728,Croydon,E14000656
E09000008,1,18113,Croydon,E14000656
E09000008,2,64606,Croydon,E14000656
E09000008,3,38272,Croydon,E14000656
E09000009,-8,246770,Ealing,E14000674
E09000009,1,19236,Ealing,E14000674
E09000009,2,54181,Ealing,E14000674
E09000009,3,46928,Ealing,E14000674
E09000010,-8,216666,Enfield,E14000691
E09000010,1,15731,Enfield,E14000691
E09000010,2,54454,Enfield,E14000691
E09000010,3,43133,Enfield,E14000691
E09000011,-8,202255,Greenwich,E14000690
E09000011,1,14364,Greenwich,E14000690
E09000011,2,42785,Greenwich,E14000690
E09000011,3,29664,Greenwich,E14000690
E09000013,-8,126623,Hammersmith and Fulham,E14000629
E09000013,1,10625,Hammersmith and Fulham,E14000629
E09000013,2,27259,Hammersmith and Fulham,E14000629
E09000013,3,18650,Hammersmith and Fulham,E14000629
E09000014,-8,182619,Haringey,E14000752
E09000014,1,14433,Haringey,E14000752
E09000014,2,36838,Haringey,E14000752
E09000014,3,30349,Haringey,E14000752
E09000015,-8,176619,Harrow,E14000731
E09000015,1,11723,Harrow,E14000731
E09000015,2,42238,Harrow,E14000731
E09000015,3,30623,Harrow,E14000731
E09000016,-8,177103,Havering,E14000657
E09000016,1,10788,Havering,E14000657
E09000016,2,52153,Havering,E14000657
E09000016,3,22008,Havering,E14000657
E09000017,-8,206836,Hillingdon,E14000737
E09000017,1,15400,Hillingdon,E14000737
E09000017,2,49255,Hillingdon,E14000737
E09000017,3,34418,Hillingdon,E14000737
E09000018,-8,198300,Hounslow,E14000593
E09000018,1,14900,Hounslow,E14000593
E09000018,2,42007,Hounslow,E14000593
E09000018,3,32974,Hounslow,E14000593
E09000019,-8,147933,Islington,E14000763
E09000019,1,12445,Islington,E14000763
E09000019,2,32049,Islington,E14000763
E09000019,3,24162,Islington,E14000763
E09000020,-8,89726,Kensington and Chelsea,E14000768
E09000020,1,7954,Kensington and Chelsea,E14000768
E09000020,2,27076,Kensington and Chelsea,E14000768
E09000020,3,18619,Kensington and Chelsea,E14000768
E09000021,-8,116747,Kingston upon Thames,E14000770
E09000021,1,8399,Kingston upon Thames,E14000770
E09000021,2,29152,Kingston upon Thames,E14000770
E09000021,3,13764,Kingston upon Thames,E14000770
E09000022,-8,231529,Lambeth,E14000673
E09000022,1,16938,Lambeth,E14000673
E09000022,2,40140,Lambeth,E14000673
E09000022,3,29047,Lambeth,E14000673
E09000023,-8,213854,Lewisham,E14000787
E09000023,1,15859,Lewisham,E14000787
E09000023,2,42205,Lewisham,E14000787
E09000023,3,28635,Lewisham,E14000787
E09000024,-8,154480,Merton,E14001040
E09000024,1,9646,Merton,E14001040
E09000024,2,32938,Merton,E14001040
E09000024,3,18123,Merton,E14001040
E09000025,-8,238307,Newham,E14000679
E09000025,1,19003,Newham,E14000679
E09000025,2,38773,Newham,E14000679
E09000025,3,54952,Newham,E14000679
E09000026,-8,209870,Redbridge,E14000760
E09000026,1,14123,Redbridge,E14000760
E09000026,2,45720,Redbridge,E14000760
E09000026,3,40547,Redbridge,E14000760
E09000027,-8,137009,Richmond upon Thames,E14000896
E09000027,1,8735,Richmond upon Thames,E14000896
E09000027,2,36926,Richmond upon Thames,E14000896
E09000027,3,12608,Richmond upon Thames,E14000896
E09000028,-8,218449,Southwark,E14000615
E09000028,1,18062,Southwark,E14000615
E09000028,2,39864,Southwark,E14000615
E09000028,3,31262,Southwark,E14000615
E09000029,-8,148206,Sutton,E14000621
E09000029,1,8407,Sutton,E14000621
E09000029,2,36539,Sutton,E14000621
E09000029,3,16487,Sutton,E14000621
E09000030,-8,212815,Tower Hamlets,E14000882
E09000030,1,17585,Tower Hamlets,E14000882
E09000030,2,33691,Tower Hamlets,E14000882
E09000030,3,46215,Tower Hamlets,E14000882
E09000031,-8,196616,Waltham Forest,E14000634
E09000031,1,13193,Waltham Forest,E14000634
E09000031,2,38003,Waltham Forest,E14000634
E09000031,3,30614,Waltham Forest,E14000634
E09000032,-8,244390,Wandsworth,E14000549
E09000032,1,15140,Wandsworth,E14000549
E09000032,2,42978,Wandsworth,E14000549
E09000032,3,24998,Wandsworth,E14000549
E09000033,-8,128511,Westminster,E14000639
E09000033,1,12362,Westminster,E14000639
E09000033,2,33356,Westminster,E14000639
E09000033,3,30007,Westminster,E14000639
W06000001,-8,40933,Isle of Anglesey,W07000041
W06000001,1,2710,Isle of Anglesey,W07000041
W06000001,2,20010,Isle of Anglesey,W07000041
W06000001,3,5225,Isle of Anglesey,W07000041
W06000002,-8,71242,Gwynedd,W07000057
W06000002,1,6669,Gwynedd,W07000057
W06000002,2,30948,Gwynedd,W07000057
W06000002,3,8534,Gwynedd,W07000057
W06000003,-8,67100,Conwy,W07000058
W06000003,1,4763,Conwy,W07000058
W06000003,2,34132,Conwy,W07000058
W06000003,3,8746,Conwy,W07000058
W06000004,-8,57755,Denbighshire,W07000059
W06000004,1,3607,Denbighshire,W07000059
W06000004,2,26240,Denbighshire,W07000059
W06000004,3,8216,Denbighshire,W07000059
W06000005,-8,101205,Flintshire,W07000043
W06000005,1,6127,Flintshire,W07000043
W06000005,2,36776,Flintshire,W07000043
W06000005,3,10855,Flintshire,W07000043
W06000006,-8,86648,Wrexham,W07000044
W06000006,1,5318,Wrexham,W07000044
W06000006,2,32013,Wrexham,W07000044
W06000006,3,11138,Wrexham,W07000044
W06000008,-8,40203,Ceredigion,W07000064
W06000008,1,4290,Ceredigion,W07000064
W06000008,2,21326,Ceredigion,W07000064
W06000008,3,5656,Ceredigion,W07000064
W06000009,-8,73574,Pembrokeshire,W07000065
W06000009,1,5009,Pembrokeshire,W07000065
W06000009,2,35721,Pembrokeshire,W07000065
W06000009,3,9056,Pembrokeshire,W07000065
W06000010,-8,114362,Carmarthenshire,W07000045
W06000010,1,6642,Carmarthenshire,W07000045
W06000010,2,51422,Carmarthenshire,W07000045
W06000010,3,15471,Carmarthenshire,W07000045
W06000011,-8,141246,Swansea,W07000048
W06000011,1,13112,Swansea,W07000048
W06000011,2,60788,Swansea,W07000048
W06000011,3,23344,Swansea,W07000048
W06000012,-8,84296,Neath Port Talbot,W07000049
W06000012,1,5826,Neath Port Talbot,W07000049
W06000012,2,37295,Neath Port Talbot,W07000049
W06000012,3,14872,Neath Port Talbot,W07000049
W06000013,-8,89990,Bridgend,W07000073
W06000013,1,5704,Bridgend,W07000073
W06000013,2,36809,Bridgend,W07000073
W06000013,3,12985,Bridgend,W07000073
W06000014,-8,84397,Vale of Glamorgan,W07000078
W06000014,1,4927,Vale of Glamorgan,W07000078
W06000014,2,32604,Vale of Glamorgan,W07000078
W06000014,3,10011,Vale of Glamorgan,W07000078
W06000015,-8,226434,Cardiff,W07000051
W06000015,1,24444,Cardiff,W07000051
W06000015,2,72621,Cardiff,W07000051
W06000015,3,38809,Cardiff,W07000051
W06000016,-8,147197,Rhondda Cynon Taf,W07000074
W06000016,1,8928,Rhondda Cynon Taf,W07000074
W06000016,2,57478,Rhondda Cynon Taf,W07000074
W06000016,3,24048,Rhondda Cynon Taf,W07000074
W06000018,-8,109909,Caerphilly,W07000077
W06000018,1,5947,Caerphilly,W07000077
W06000018,2,42520,Caerphilly,W07000077
W06000018,3,17576,Caerphilly,W07000077
W06000019,-8,40559,Blaenau Gwent,W07000072
W06000019,1,2301,Blaenau Gwent,W07000072
W06000019,2,16896,Blaenau Gwent,W07000072
W06000019,3,7148,Blaenau Gwent,W07000072
W06000020,-8,57818,Torfaen,W07000053
W06000020,1,3338,Torfaen,W07000053
W06000020,2,23258,Torfaen,W07000053
W06000020,3,7862,Torfaen,W07000053
W06000021,-8,57548,Monmouthshire,W07000054
W06000021,1,3599,Monmouthshire,W07000054
W06000021,2,25961,Monmouthshire,W07000054
W06000021,3,5849,Monmouthshire,W07000054
W06000022,-8,104958,Newport,W07000055
W06000022,1,6275,Newport,W07000055
W06000022,2,33236,Newport,W07000055
W06000022,3,15124,Newport,W07000055
W06000023,-8,82359,Powys,W07000063
W06000023,1,5123,Powys,W07000063
W06000023,2,37170,Powys,W07000063
W06000023,3,8517,Powys,W07000063
W06000024,-8,36797,Merthyr Tydfil,W07000068
W06000024,1,2131,Merthyr Tydfil,W07000068
W06000024,2,13769,Merthyr Tydfil,W07000068
W06000024,3,6142,Merthyr Tydfil,W07000068
E06000007,-8,141447,Warrington,E14001017
E06000007,1,8737,Warrington,E14001017
E06000007,2,45614,Warrington,E14001017
E06000007,3,15176,Warrington,E14001017
E06000008,-8,98787,Blackburn with Darwen,E14000570
E06000008,1,6016,Blackburn with Darwen,E14000570
E06000008,2,28035,Blackburn with Darwen,E14000570
E06000008,3,21900,Blackburn with Darwen,E14000570
E06000009,-8,84060,Blackpool,E14000572
E06000009,1,6480,Blackpool,E14000572
E06000009,2,35169,Blackpool,E14000572
E06000009,3,15328,Blackpool,E14000572
E06000010,-8,170926,Kingston upon Hull,E14000771
E06000010,1,12135,Kingston upon Hull,E14000771
E06000010,2,53599,Kingston upon Hull,E14000771
E06000010,3,30354,Kingston upon Hull,E14000771
E06000013,-8,106436,North Lincolnshire,E14000596
E06000013,1,6384,North Lincolnshire,E14000596
E06000013,2,41614,North Lincolnshire,E14000596
E06000013,3,15245,North Lincolnshire,E14000596
E06000016,-8,232491,Leicester,E14000782
E06000016,1,22738,Leicester,E14000782
E06000016,2,58698,Leicester,E14000782
E06000016,3,54644,Leicester,E14000782
E06000022,-8,121603,Bath and North East Somerset,E14000547
E06000022,1,14000,Bath and North East Somerset,E14000547
E06000022,2,44902,Bath and North East Somerset,E14000547
E06000022,3,12904,Bath and North East Somerset,E14000547
E06000025,-8,200670,South Gloucestershire,E14000702
E06000025,1,12945,South Gloucestershire,E14000702
E06000025,2,60322,South Gloucestershire,E14000702
E06000025,3,16487,South Gloucestershire,E14000702
E06000030,-8,164125,Swindon,E14000851
E06000030,1,9461,Swindon,E14000851
E06000030,2,43602,Swindon,E14000851
E06000030,3,16222,Swindon,E14000851
E06000033,-8,117535,Southend-on-Sea,E14000899
E06000033,1,7906,Southend-on-Sea,E14000899
E06000033,2,40947,Southend-on-Sea,E14000899
E06000033,3,14298,Southend-on-Sea,E14000899
E06000034,-8,125585,Thurrock,E14000933
E06000034,1,7527,Thurrock,E14000933
E06000034,2,29008,Thurrock,E14000933
E06000034,3,13880,Thurrock,E14000933
E06000046,-8,78783,Isle of Wight,E14000762
E06000046,1,6193,Isle of Wight,E14000762
E06000046,2,45548,Isle of Wight,E14000762
E06000046,3,9935,Isle of Wight,E14000762
E06000049,-8,261785,Cheshire East,E14000646
E06000049,1,15517,Cheshire East,E14000646
E06000049,2,96004,Cheshire East,E14000646
E06000049,3,25466,Cheshire East,E14000646
E06000052,-8,347127,Cornwall,E14000616
E06000052,1,27029,Cornwall,E14000616
E06000052,2,160198,Cornwall,E14000616
E06000052,3,35951,Cornwall,E14000616
E07000011,-8,123962,Huntingdonshire,E14000757
E07000011,1,6999,Huntingdonshire,E14000757
E07000011,2,39649,Huntingdonshire,E14000757
E07000011,3,10222,Huntingdonshire,E14000757
E07000039,-8,74158,South Derbyshire,E14000935
E07000039,1,4037,South Derbyshire,E14000935
E07000039,2,22356,South Derbyshire,E14000935
E07000039,3,6655,South Derbyshire,E14000935
E07000040,-8,90166,East Devon,E14000623
E07000040,1,5965,East Devon,E14000623
E07000040,2,47044,East Devon,E14000623
E07000040,3,7653,East Devon,E14000623
E07000044,-8,54245,South Hams,E14000950
E07000044,1,3724,South Hams,E14000950
E07000044,2,25775,South Hams,E14000950
E07000044,3,4884,South Hams,E14000950
E07000064,-8,51555,Rother,E14000557
E07000064,1,3661,Rother,E14000557
E07000064,2,30878,Rother,E14000557
E07000064,3,7016,Rother,E14000557
E07000065,-8,101046,Wealden,E14001023
E07000065,1,6167,Wealden,E14001023
E07000065,2,43494,Wealden,E14001023
E07000065,3,9444,Wealden,E14001023
E07000066,-8,127919,Basildon,E14000544
E07000066,1,7300,Basildon,E14000544
E07000066,2,38432,Basildon,E14000544
E07000066,3,13920,Basildon,E14000544
E07000073,-8,66207,Harlow,E14000729
E07000073,1,3728,Harlow,E14000729
E07000073,2,16528,Harlow,E14000729
E07000073,3,6865,Harlow,E14000729
E07000078,-8,79557,Cheltenham,E14000630
E07000078,1,5535,Cheltenham,E14000630
E07000078,2,26133,Cheltenham,E14000630
E07000078,3,7611,Cheltenham,E14000630
E07000081,-8,91098,Gloucester,E14000712
E07000081,1,5977,Gloucester,E14000712
E07000081,2,25402,Gloucester,E14000712
E07000081,3,9939,Gloucester,E14000712
E07000083,-8,64055,Tewkesbury,E14000705
E07000083,1,3607,Tewkesbury,E14000705
E07000083,2,22245,Tewkesbury,E14000705
E07000083,3,4977,Tewkesbury,E14000705
E07000090,-8,77711,Havant,E14000736
E07000090,1,4680,Havant,E14000736
E07000090,2,32588,Havant,E14000736
E07000090,3,9229,Havant,E14000736
E07000103,-8,74142,Watford,E14001021
E07000103,1,4503,Watford,E14001021
E07000103,2,15559,Watford,E14001021
E07000103,3,8042,Watford,E14001021
E07000112,-8,66022,Folkestone and Hythe,E14000704
E07000112,1,4385,Folkestone and Hythe,E14000704
E07000112,2,30115,Folkestone and Hythe,E14000704
E07000112,3,9236,Folkestone and Hythe,E14000704
E07000119,-8,47843,Fylde,E14000706
E07000119,1,3218,Fylde,E14000706
E07000119,2,24676,Fylde,E14000706
E07000119,3,5637,Fylde,E14000706
E07000120,-8,52229,Hyndburn,E14000758
E07000120,1,3142,Hyndburn,E14000758
E07000120,2,17728,Hyndburn,E14000758
E07000120,3,9135,Hyndburn,E14000758
E07000124,-8,40484,Ribble Valley,E14000894
E07000124,1,2221,Ribble Valley,E14000894
E07000124,2,15406,Ribble Valley,E14000894
E07000124,3,3450,Ribble Valley,E14000894
E07000136,-8,46549,Boston,E14000582
E07000136,1,2689,Boston,E14000582
E07000136,2,15940,Boston,E14000582
E07000136,3,5324,Boston,E14000582
E07000142,-8,58172,West Lindsey,E14000707
E07000142,1,3476,West Lindsey,E14000707
E07000142,2,26050,West Lindsey,E14000707
E07000142,3,7454,West Lindsey,E14000707
E07000147,-8,55494,North Norfolk,E14000603
E07000147,1,4581,North Norfolk,E14000603
E07000147,2,36218,North Norfolk,E14000603
E07000147,3,6687,North Norfolk,E14000603
E07000168,-8,63176,Scarborough,E14000913
E07000168,1,5128,Scarborough,E14000913
E07000168,2,31962,Scarborough,E14000913
E07000168,3,8470,Scarborough,E14000913
E07000174,-8,71679,Mansfield,E14000810
E07000174,1,4116,Mansfield,E14000810
E07000174,2,24919,Mansfield,E14000810
E07000174,3,9767,Mansfield,E14000810
E07000198,-8,60025,Staffordshire Moorlands,E14000966
E07000198,1,3626,Staffordshire Moorlands,E14000966
E07000198,2,25864,Staffordshire Moorlands,E14000966
E07000198,3,6329,Staffordshire Moorlands,E14000966
E07000202,-8,94836,Ipswich,E14000624
E07000202,1,5607,Ipswich,E14000624
E07000202,2,27855,Ipswich,E14000624
E07000202,3,11344,Ipswich,E14000624
E07000214,-8,62032,Surrey Heath,E14000983
E07000214,1,3873,Surrey Heath,E14000983
E07000214,2,19165,Surrey Heath,E14000983
E07000214,3,5381,Surrey Heath,E14000983
E08000001,-8,189112,Bolton,E14000578
E08000001,1,11655,Bolton,E14000578
E08000001,2,59565,Bolton,E14000578
E08000001,3,35631,Bolton,E14000578
E08000019,-8,342278,Sheffield,E14000922
E08000019,1,32397,Sheffield,E14000922
E08000019,2,118632,Sheffield,E14000922
E08000019,3,63214,Sheffield,E14000922
E09000012,-8,183988,Hackney,E14000720
E09000012,1,12852,Hackney,E14000720
E09000012,2,30710,Hackney,E14000720
E09000012,3,31596,Hackney,E14000720
E07000075,-8,55609,Rochford,E14000899
E07000075,1,3230,Rochford,E14000899
E07000075,2,21432,Rochford,E14000899
E07000075,3,5390,Rochford,E14000899
E07000077,-8,63562,Uttlesford,E14000910
E07000077,1,3714,Uttlesford,E14000910
E07000077,2,19392,Uttlesford,E14000910
E07000077,3,4673,Uttlesford,E14000910
E07000105,-8,89593,Ashford,E14000704
E07000105,1,5056,Ashford,E14000704
E07000105,2,28563,Ashford,E14000704
E07000105,3,9535,Ashford,E14000704
E06000053,-8,1438,Isles of Scilly,E14000964
E06000053,1,89,Isles of Scilly,E14000964
E06000053,2,473,Isles of Scilly,E14000964
E06000053,3,53,Isles of Scilly,E14000964
E09000001,-8,5930,City of London,E14000639
E09000001,1,508,City of London,E14000639
E09000001,2,1412,City of London,E14000639
E09000001,3,733,City of London,E14000639
