code,areaName,-8,1,2,3,4,5,6,7,8,9
6842,10370,9350,5676,6149,6488,4423,3460,6435,E14000530,Aldershot,52078
4402,6245,4462,3778,4599,3186,2569,2704,3537,E14000531,Aldridge-Brownhills,42170
8953,15442,6817,4372,2811,2823,2821,1242,2455,E14000532,Altrincham and Sale West,53189
9129,9959,6887,4432,5423,4198,2850,1884,3412,E14000534,Arundel and South Downs,56120
4559,6056,4990,4396,6385,5150,4222,4960,6643,E14000535,Ashfield,57132
8639,11223,7933,5531,7019,5646,4742,4241,6089,E14000536,Ashford,66260
3732,6064,5139,4695,4958,4534,4297,4179,5197,E14000537,Ashton-under-Lyne,53178
5181,10070,6207,5795,7275,7186,5136,5976,10146,E14000540,Barking,82915
3790,7879,5028,3139,6206,4372,3057,2839,4408,E14000543,Barrow and Furness,46717
5988,8294,6071,5465,4795,4032,3229,3210,4912,E14000544,Basildon and Billericay,51708
7778,13645,9270,6342,5840,5718,4892,3952,6425,E14000545,Basingstoke,55634
6027,7234,5447,4186,5933,5335,3914,5733,6708,E14000546,Bassetlaw,57894
6110,12226,6065,3165,3129,3351,2910,1325,4000,E14000547,Bath,52762
5411,7833,6090,4925,5600,4574,4524,5012,5449,E14000548,Batley and Spen,61272
14152,24153,15019,4941,2566,4013,2841,1651,3370,E14000549,Battersea,46726
11412,12099,7808,4852,4284,3346,2550,1814,2713,E14000550,Beaconsfield,54153
8395,12633,7498,5238,3464,2826,2194,1430,2101,E14000551,Beckenham,46995
5353,9717,6482,4529,5157,5239,4281,4367,8252,E14000552,Bedford,57223
11306,25695,13225,5654,3652,5404,4148,2795,7751,E14000553,Bermondsey and Old Southwark,63134
4332,4839,3535,2673,4892,3499,2673,2339,3697,E14000554,Berwick-upon-Tweed,43060
5895,8294,5986,4199,5836,4358,3217,2953,3998,E14000556,Beverley and Holderness,55205
6915,7808,5674,4409,6215,4944,3138,2083,3385,E14000557,Bexhill and Battle,60102
5554,9083,6110,5921,4833,3855,3379,2864,3957,E14000558,Bexleyheath and Crayford,49058
3613,6268,4373,3672,3849,5043,3544,3143,4575,E14000559,Birkenhead,52197
4613,12620,4893,3456,2650,3832,2517,2294,4184,E14000560,Birmingham Edgbaston,59066
3213,6104,4387,3877,4058,5017,3745,4653,7050,E14000561,Birmingham Erdington,62753
2483,5425,3311,3636,3592,4862,4564,5999,7632,E14000563,Birmingham Hodge Hill,90869
3966,11749,5845,3976,3287,5000,4494,4283,9582,E14000564,Birmingham Ladywood,91878
3875,8652,5216,4467,4652,5556,3439,3194,5037,E14000565,Birmingham Northfield,61805
3338,7033,4712,4484,3989,4856,3718,4748,6912,E14000566,Birmingham Perry Barr,68650
4156,11409,5609,4012,3574,4283,3342,2637,4427,E14000567,Birmingham Selly Oak,66160
3521,6734,4587,4527,4539,5029,4329,5067,6507,E14000568,Birmingham Yardley,72123
4130,5743,4556,3560,5330,4135,3182,3625,4683,E14000569,Bishop Auckland,50967
3526,7030,4282,4324,4360,5189,4797,4939,5644,E14000570,Blackburn,70303
4267,8355,4762,4526,3895,6270,4803,4080,7946,E14000571,Blackley and Broughton,80006
3520,5002,3780,4474,3801,4665,3157,2631,3899,E14000572,Blackpool North and Cleveleys,47945
3735,4119,3418,3529,3743,5144,3437,2751,4358,E14000573,Blackpool South,46766
3726,6215,4939,4351,4248,4230,3832,2908,3684,E14000575,Blyth Valley,47202
4902,6268,4928,4270,5862,5394,3912,4750,6847,E14000577,Bolsover,52845
4378,6806,4990,3979,4205,4267,4196,3825,5111,E14000578,Bolton North East,59327
3694,5875,4543,4325,4520,4802,4858,5082,6310,E14000579,Bolton South East,67399
5854,9431,6377,4754,4749,4142,3774,3176,4294,E14000580,Bolton West,52556
3841,6584,5338,5936,4455,5292,4609,3849,5303,E14000581,Bootle,56175
4767,4994,3641,3733,5749,5250,4256,7610,8383,E14000582,Boston and Skegness,61106
7334,9452,7017,5376,5975,4536,3508,3872,5531,E14000583,Bosworth,54228
6509,10904,6637,4148,5124,6065,4395,3050,4987,E14000584,Bournemouth East,55119
5809,8792,6034,4085,5355,5520,4904,3095,5550,E14000585,Bournemouth West,58481
3517,5933,4675,4145,4700,5118,4740,5333,6732,E14000587,Bradford East,76918
3786,5924,4870,4822,5072,5215,4108,4619,5957,E14000588,Bradford South,62067
3203,6866,4050,3905,3661,4754,4568,5070,6282,E14000589,Bradford West,78996
11444,18156,10710,5767,5572,5246,4585,3862,7002,E14000593,Brentford and Isleworth,71525
8988,10486,7360,5965,4596,3263,2423,2011,2788,E14000594,Brentwood and Ongar,50486
6257,6839,5506,4572,8089,6065,4065,4977,7648,E14000595,Bridgwater and West Somerset,62272
4888,5528,4365,3500,5033,3875,2884,4493,5585,E14000596,Brigg and Goole,47517
4893,6207,5069,4021,5827,4058,3384,4464,4917,E14000533,Amber Valley,47482
9933,13489,9786,6519,7300,5640,5886,5954,7856,E14000539,Banbury,64098
3917,5876,4596,3685,5084,4394,3631,4604,6420,E14000541,Barnsley Central,48346
3845,5032,4410,3723,5659,4618,4203,4665,6129,E14000542,Barnsley East,52073
8618,21360,13273,4952,3406,4311,4868,3264,5749,E14000555,Bethnal Green and Bow,73220
4248,10619,5236,3842,3141,3992,3895,3937,5304,E14000562,Birmingham Hall Green,77699
4369,7522,5320,4094,4169,3849,3852,2990,3610,E14000574,Blaydon,48243
5906,6290,5297,4545,6544,6216,4211,4415,6497,E14000576,Bognor Regis and Littlehampton,60230
8900,12416,9426,5923,5941,5424,3917,2696,4920,E14000586,Bracknell,54396
7285,7681,6630,5234,6770,5024,3668,3598,4978,E14000590,Braintree,52395
7083,12550,8390,5451,6587,6863,5581,5477,9719,E14000591,Brent Central,82018
7539,12654,6699,6196,8031,5260,6528,6552,10521,E14000592,Brent North,74939
7352,14998,9563,3727,3906,4209,3892,1534,4148,E14000598,Brighton Pavilion,51410
5045,11609,7603,5349,5715,5083,4086,3731,5645,E14000599,Bristol East,50447
5657,13426,6303,4377,3858,4529,3475,3194,6350,E14000600,Bristol North West,58877
7790,26082,12522,4862,3758,4619,4265,2359,6145,E14000602,Bristol West,67563
6509,7958,5694,4812,6407,4657,3596,2968,4141,E14000603,Broadland,53321
8224,12504,7119,4981,3639,3273,2511,1810,2786,E14000604,Bromley and Chislehurst,49246
8088,11774,6463,4697,4735,3672,2569,2120,3169,E14000605,Bromsgrove,51896
10936,12672,8502,5037,5619,4008,2916,2192,3208,E14000608,Buckingham,56164
3652,5577,4284,3490,4778,4775,3536,4088,5858,E14000609,Burnley,54612
5164,7945,5401,4036,3835,3950,3523,3120,3906,E14000611,Bury North,50978
5948,10411,6658,5038,4203,4530,3831,2922,4065,E14000612,Bury South,54390
7738,10814,8304,5418,6578,5439,3993,3965,5585,E14000613,Bury St Edmunds,59613
6942,10436,7213,4679,5374,4169,3055,2956,3947,E14000614,Calder Valley,53803
7948,18390,11942,4573,3518,6404,3905,2789,8182,E14000615,Camberwell and Peckham,60381
4885,6216,4620,3650,6607,5389,3649,3134,4666,E14000616,Camborne and Redruth,52630
6778,27220,7865,3816,3363,4466,3239,2195,6097,E14000617,Cambridge,68709
5429,6719,5789,4675,6953,4814,4112,4597,5788,E14000618,Cannock Chase,51642
6045,11481,6286,3707,4418,4293,3674,2263,4920,E14000619,Canterbury,66302
5373,5837,5381,5352,5501,3806,3106,3152,3498,E14000622,Castle Point,48581
6895,9103,6422,4997,6038,4275,3488,3211,4311,E14000624,Central Suffolk and North Ipswich,54386
7267,10669,7128,5392,5764,4342,3601,3324,4029,E14000625,Charnwood,53402
5417,7541,6399,5045,6266,4933,3726,4115,5612,E14000626,Chatham and Aylesford,53508
7658,13067,6737,4545,2954,3075,3102,1503,2275,E14000627,Cheadle,50565
7776,13808,8428,6067,4876,4558,3844,2854,5082,E14000628,Chelmsford,55578
13479,16092,10348,3435,1596,3370,2167,1082,2236,E14000629,Chelsea and Fulham,47950
7192,13362,7107,6159,4392,4204,3898,2484,4871,E14000630,Cheltenham,53460
10180,11706,6911,4131,3602,3180,2435,1383,2415,E14000631,Chesham and Amersham,50743
4542,7395,4852,4093,4739,5072,3830,3388,4883,E14000632,Chesterfield,50448
8659,10466,7609,4190,5878,4846,3381,2354,4568,E14000633,Chichester,62470
6855,11078,6697,5037,4394,3318,2702,2554,3624,E14000634,Chingford and Woodford Green,49717
6950,10540,6836,4863,5277,4467,3560,3255,4384,E14000635,Chippenham,51505
9946,16025,8308,5370,4175,4115,2965,2203,3242,E14000636,Chipping Barnet,61163
6998,10624,7183,4949,5179,4882,3554,3517,4709,E14000637,Chorley,53410
5741,6755,4685,3744,4197,3400,2911,1693,2821,E14000638,Christchurch,51856
12756,17844,9231,3181,1502,2705,2137,1190,2512,E14000639,Cities of London and Westminster,47978
6312,11744,6358,3852,3808,3982,4011,2580,4991,E14000640,City of Chester,52629
4130,9695,5084,3610,3514,3346,3026,2529,4477,E14000641,City of Durham,59943
3651,3672,3275,3035,4737,4852,3090,2633,3581,E14000642,Clacton,58440
4674,5991,5077,3921,5263,3934,3268,5399,4712,E14000643,Cleethorpes,51930
6793,12321,8599,5220,5578,6884,4760,3769,5969,E14000644,Colchester,63968
7199,11363,7495,4510,5824,4642,3409,3646,4155,E14000645,Colne Valley,60698
8114,11013,7238,4563,4804,3989,3423,2913,3976,E14000646,Congleton,54005
3963,9077,5606,4816,4804,5829,4914,5850,10152,E14000649,Coventry North East,69402
4624,9361,6256,4864,4881,4451,4018,4257,6892,E14000650,Coventry North West,57685
5955,8798,7254,5770,5330,6828,5601,5531,7836,E14000652,Crawley,59592
6508,9346,6606,4960,5256,5183,4355,5570,8100,E14000653,Crewe and Nantwich,58273
7247,13993,8667,6205,5419,6191,4341,3499,5694,E14000654,Croydon Central,63620
7351,14113,9091,6748,6058,7549,6022,4779,7979,E14000655,Croydon North,76962
9516,15242,8981,6380,4486,4508,3372,2487,3482,E14000656,Croydon South,60730
4736,8451,5497,5726,6101,5534,4027,4657,6987,E14000657,Dagenham and Rainham,64084
8862,10178,7245,5295,5793,3793,3104,3501,6050,E14000660,Daventry,53761
4296,6606,5457,4962,4854,4345,4054,3463,4237,E14000661,Denton and Reddish,45550
4502,9970,5817,4125,4331,4888,3986,4097,6282,E14000662,Derby North,55237
3752,7554,4872,3790,4692,5333,4496,6219,8901,E14000663,Derby South,68909
6465,7890,4269,3134,5054,2955,2065,2481,3310,E14000664,Derbyshire Dales,43204
7705,8154,9355,5365,6054,4620,2931,2702,4560,E14000665,Devizes,52373
6279,8486,6094,4415,5476,4369,4066,4684,4774,E14000666,Dewsbury,64999
5269,6345,5134,4215,5486,4834,3767,4219,5900,E14000667,Don Valley,56545
4392,6287,4945,4085,5118,4504,4312,5423,9838,E14000668,Doncaster Central,58653
4368,5025,4594,3823,5490,4853,4134,4513,6986,E14000669,Doncaster North,55050
5015,6363,6676,4198,5093,5761,3567,3390,4527,E14000670,Dover,57475
3478,5682,4096,3922,4802,3845,3250,3966,4329,E14000671,Dudley North,48881
9537,19101,11465,4020,3158,4445,2792,2010,4783,E14000673,Dulwich and West Norwood,52566
12027,19433,11305,4910,4551,4202,3414,2549,4849,E14000674,Ealing Central and Acton,61973
6902,11490,7056,5476,7011,5189,4864,4924,7378,E14000675,Ealing North,69612
5218,8774,5590,3837,3993,3521,4496,4293,7773,E14000676,Ealing Southall,60504
2796,4390,3756,3177,3917,3692,3673,3873,3959,E14000677,Easington,48284
7046,10115,6807,4696,5882,5165,3892,2607,4551,E14000678,East Devon,61152
10431,12098,8805,6024,5532,4990,3101,2429,3360,E14000681,East Surrey,58530
6005,9104,6767,4577,5695,5067,3653,2705,3933,E14000682,East Worthing and Shoreham,52118
6214,7041,5213,3786,6087,4857,3460,3299,5211,E14000683,East Yorkshire,59191
7928,12141,8503,6287,6743,5434,4434,3463,4671,E14000685,Eastleigh,55712
7938,9015,6040,4060,4921,3795,3142,3168,4287,E14000686,Eddisbury,52190
4320,7497,4840,4334,5204,5647,4309,4169,7070,E14000687,Edmonton,70643
4933,7343,5293,4088,4337,4401,3898,3737,4701,E14000688,Ellesmere Port and Neston,49439
7710,11068,7180,5119,4657,3761,3084,2423,3485,E14000689,Elmet and Rothwell,55663
6522,10851,6615,4558,4170,4072,2763,2431,4130,E14000690,Eltham,51035
5681,9449,5857,4764,4628,4797,3647,3049,4946,E14000691,Enfield North,62173
9215,10567,7293,5992,4931,3484,2729,2541,3397,E14000693,Epping Forest,52465
9956,14420,8133,5619,4462,4418,2737,1820,2840,E14000694,Epsom and Ewell,57318
4896,7334,5480,4626,5872,4404,4008,4260,5803,E14000695,Erewash,48489
13307,14643,8976,4655,3651,3830,2565,1553,2530,E14000697,Esher and Walton,60097
4848,12679,6225,4570,4683,5180,4561,3255,5908,E14000698,Exeter,63319
7026,10298,8031,5340,4976,4092,3565,2388,3634,E14000699,Fareham,50844
7537,8721,6577,4753,5571,4052,3229,3185,4298,E14000700,Faversham and Mid Kent,53574
6470,9599,6958,6393,6566,6099,6532,6205,11633,E14000701,Feltham and Heston,77856
6057,12993,7106,6271,4988,4154,4181,3188,5583,E14000702,Filton and Bradley Stoke,51690
11209,17741,8700,5060,3878,4344,3135,2040,3999,E14000703,Finchley and Golders Green,65940
6699,8138,7253,4604,5895,5846,4115,3241,4579,E14000704,Folkestone and Hythe,64811
5530,6710,5173,4070,6054,4471,2777,3270,4058,E14000705,Forest of Dean,49445
5680,8582,5462,4066,3886,3784,2699,2143,3212,E14000706,Fylde,49014
5882,7621,5200,3977,5483,4448,3158,3430,4062,E14000707,Gainsborough,54481
4514,9123,5500,4838,3817,4535,3888,3809,4836,E14000708,Garston and Halewood,56431
3427,7844,4704,4013,3639,4206,4141,3264,5044,E14000709,Gateshead,51385
5268,9371,6292,4645,5052,4325,3724,2856,4201,E14000710,Gedling,48952
5288,8029,6149,5083,5552,4711,3893,3897,5326,E14000711,Gillingham and Rainham,54384
5719,9865,7317,6502,6688,7109,5322,5283,6996,E14000712,Gloucester,62080
5004,6606,6932,4845,5376,5111,3545,2816,4529,E14000713,Gosport,51506
7457,9020,6813,4888,6190,5193,4015,4409,6005,E14000714,Grantham and Stamford,58794
6005,7846,6125,5188,5590,4639,3797,4387,6184,E14000715,Gravesham,57139
4037,4911,4127,3743,5220,5347,3722,4277,5752,E14000717,Great Yarmouth,58609
10210,20816,11845,5026,4207,5990,4304,2798,6855,E14000718,Greenwich and Woolwich,63741
9448,20465,13757,5484,3354,4901,3546,2219,4973,E14000720,Hackney North and Stoke Newington,66069
4324,7159,5309,4602,4814,3944,3482,3464,4249,E14000722,Halesowen and Rowley Regis,51234
4579,7747,5490,4441,5052,4660,3840,4206,4591,E14000723,Halifax,59447
6807,9650,5824,4211,4777,3380,2711,2596,3088,E14000724,Haltemprice and Howden,47424
4302,6587,5447,4472,4471,4244,4755,4556,5929,E14000725,Halton,52754
10104,18248,11361,4507,3311,4737,3511,1973,4439,E14000726,Hammersmith,55637
13577,22394,12668,4175,2571,4051,3093,1804,3560,E14000727,Hampstead and Kilburn,60791
7508,11746,6958,4954,4925,4306,3659,2975,4337,E14000728,Harborough,58040
5984,7913,5990,5615,6107,5178,3956,4617,6293,E14000729,Harlow,52725
8758,11333,7743,4522,4615,4508,3660,2134,4331,E14000730,Harrogate and Knaresborough,53135
7226,11659,5687,5330,6205,3738,3946,3702,5453,E14000731,Harrow East,58239
3348,5838,4497,3391,4736,4381,3613,3622,4323,E14000733,Hartlepool,54589
6499,7624,5686,4178,5338,4451,3011,2623,3657,E14000734,Harwich and North Essex,52723
5736,7926,6429,4512,6176,6278,3934,2935,4454,E14000735,Hastings and Rye,60913
5154,6866,5207,3893,5735,4765,3586,3079,4412,E14000736,Havant,52306
5607,8677,5769,5282,5472,5354,5704,6058,8693,E14000737,Hayes and Harlington,69786
5096,8278,5334,3759,3673,3315,2776,1913,2535,E14000738,Hazel Grove,43695
7763,10373,7893,5471,5638,4700,3880,3305,5251,E14000739,Hemel Hempstead,53310
4830,6391,5073,3919,4897,4603,3394,4577,7468,E14000740,Hemsworth,55080
10326,16768,8618,6090,6425,5883,4563,4151,6896,E14000741,Hendon,76066
10321,12411,7665,4521,5187,3638,2539,1911,3190,E14000742,Henley,52372
5673,7189,5272,4229,6349,4858,3663,4252,5583,E14000743,Hereford and South Herefordshire,50474
10229,13622,9551,5924,5154,4620,3300,2677,4093,E14000744,Hertford and Stortford,55916
9198,12243,7478,5665,4607,4296,2997,2583,3699,E14000745,Hertsmere,55061
5639,7643,4130,2872,4014,3037,2334,2029,2752,E14000746,Hexham,41950
5312,8099,5725,5146,5260,5386,3923,4001,5933,E14000747,Heywood and Middleton,60606
5873,8839,5598,3694,5209,4453,3120,3593,4235,E14000748,High Peak,46319
10148,15027,8259,4182,3478,3080,2494,1635,2690,E14000749,Hitchin and Harpenden,52668
6947,10665,7325,7283,5929,4258,3323,3115,4158,E14000751,Hornchurch and Upminster,59615
10136,12850,9770,5775,5611,5341,3763,2555,4074,E14000753,Horsham,58119
3536,5822,4561,4289,4245,4136,4497,3813,4213,E14000754,Houghton and Sunderland South,50607
8398,14125,9183,4223,3926,4383,3624,2112,3615,E14000755,Hove,47946
3925,7209,4949,3304,4072,4245,3810,3587,4677,E14000756,Huddersfield,56163
8585,12786,9114,6093,5807,5171,4198,4606,5532,E14000757,Huntingdon,60649
3946,5832,4667,3788,5292,4938,3767,4320,4338,E14000758,Hyndburn,53137
7342,13182,6612,5960,5548,3896,4168,3338,4904,E14000759,Ilford North,60308
6905,13449,6805,6305,5793,4738,5634,5143,7968,E14000760,Ilford South,84609
5038,9758,6538,5076,5419,5902,5135,5170,7268,E14000761,Ipswich,59516
7243,8981,6602,4850,8084,7591,5104,3588,5870,E14000762,Isle of Wight,82549
8664,19889,12299,3752,2616,3601,2865,1749,3916,E14000763,Islington North,50477
8775,19423,10580,3581,2329,3156,2733,1747,3295,E14000764,Islington South and Finsbury,51142
3436,6349,4691,4118,4008,3816,3535,3336,3750,E14000765,Jarrow,46803
5387,8441,5076,3765,5124,4587,3597,3417,4267,E14000766,Keighley,55720
8263,11637,6367,3936,4216,2939,2313,1694,2989,E14000767,Kenilworth and Southam,47592
13228,14125,9159,3075,1807,3756,2507,1334,2545,E14000768,Kensington,55412
6446,8703,6048,4928,5899,5069,3844,4710,6759,E14000769,Kettering,53417
10178,16894,9671,5538,4780,4694,4216,2389,4409,E14000770,Kingston and Surbiton,61388
2876,4273,4066,3562,5615,4782,4229,4662,5688,E14000771,Kingston upon Hull East,51559
3210,6234,4710,3263,5722,4659,4451,5401,6767,E14000772,Kingston upon Hull North,56549
3150,5622,4208,3306,5478,4422,3927,5010,6401,E14000773,Kingston upon Hull West and Hessle,48696
4194,7124,5559,5454,5323,5995,4793,4911,6139,E14000775,Knowsley,61913
3977,8203,4348,3177,4284,4092,2962,2355,3849,E14000776,Lancaster and Fleetwood,53232
4123,12201,7568,5159,4777,6910,6248,5079,10956,E14000777,Leeds Central,88866
3438,7026,4843,4290,4800,5681,4004,3838,6462,E14000778,Leeds East,60507
6167,14910,6811,3909,2517,3597,3100,1772,3141,E14000779,Leeds North East,50257
4914,11085,5924,3321,2922,3098,3273,1408,3527,E14000780,Leeds North West,47871
3937,8503,6465,4775,4742,5022,4279,3444,6145,E14000781,Leeds West,51738
4075,10234,5130,4125,3769,4947,4933,5654,8439,E14000783,Leicester South,76954
3152,6830,4223,3551,4419,5929,4336,6395,10694,E14000784,Leicester West,63643
5768,8595,6829,5281,6049,5381,4502,4476,5408,E14000785,Leigh,56827
6175,8323,5931,3533,4650,3966,2567,1891,3112,E14000786,Lewes,50787
6986,13337,8286,4544,4160,4993,3840,2556,5110,E14000787,Lewisham East,55330
8441,15931,10624,4781,3891,4701,3367,2265,4375,E14000788,Lewisham West and Penge,53451
8734,19901,13135,4925,4152,5583,3918,2469,6818,E14000789,Lewisham Deptford,58246
7248,13475,8116,4385,5311,3902,3411,2999,6336,E14000790,Leyton and Wanstead,52502
7828,9786,6311,4391,5071,3468,3012,2746,4307,E14000791,Lichfield,51706
4569,8489,6450,4533,5415,5967,5406,5286,7545,E14000792,Lincoln,63709
4598,14323,7272,4589,2992,4496,5125,2501,6664,E14000793,Liverpool Riverside,72785
2576,4991,3869,4380,3690,5102,3989,3592,6078,E14000794,Liverpool Walton,55045
3518,9047,4702,4026,2851,3815,3475,2523,4927,E14000795,Liverpool Wavertree,53232
3424,6565,4590,4618,3912,5019,3646,3729,5474,E14000796,Liverpool West Derby,53802
5230,5224,4508,3427,5842,4644,3085,3276,4459,E14000798,Louth and Horncastle,61020
5997,6129,4181,3356,6487,3557,2485,2360,3858,E14000799,Ludlow,46964
4837,7873,5495,4562,5611,5911,4394,6322,10482,E14000801,Luton South,68019
5289,8934,6263,3395,4296,4688,3464,2192,4207,E14000597,Brighton Kemptown,50930
5727,13811,8737,5861,6582,5337,4584,3731,6705,E14000601,Bristol South,57068
7346,8379,6791,6135,6061,4164,3591,3731,4794,E14000606,Broxbourne,53655
5168,11905,6137,4376,4305,3349,3276,2701,4293,E14000607,Broxtowe,50807
5999,8035,5577,4721,5683,4571,4018,6295,8999,E14000610,Burton,58633
4094,6146,4284,3843,5005,4376,3849,5391,5449,E14000620,Carlisle,45776
6808,11641,6984,5622,5292,4781,3512,2890,3961,E14000621,Carshalton and Wallington,53193
6398,8629,5255,3830,6999,4166,3030,2894,4090,E14000623,Central Devon,50171
8164,9336,7190,5907,6823,5260,4616,7110,10689,E14000648,Corby,64370
4000,6694,4935,4242,4314,4332,4194,3433,5686,E14000658,Darlington,50365
8051,12632,8080,7117,6462,5022,4242,4185,5537,E14000659,Dartford,61357
3619,5769,4149,3778,4745,3693,3177,3352,4077,E14000672,Dudley South,45234
6592,12828,8023,5945,7454,6337,7597,5923,12071,E14000679,East Ham,94183
8944,10721,7118,4616,5745,4860,2803,2184,3686,E14000680,East Hampshire,52374
5357,8386,5576,4246,5219,6427,3985,2704,5123,E14000684,Eastbourne,62221
8296,12529,7032,4706,4565,3542,2739,2222,4025,E14000692,Enfield Southgate,53304
4944,9443,6171,5237,5198,6456,4381,4301,7465,E14000696,Erith and Thamesmead,64706
2706,4136,3559,2861,4171,4350,3202,6311,6037,E14000716,Great Grimsby,48820
8789,14706,7614,4134,4223,4312,3209,1652,3745,E14000719,Guildford,58969
9198,19575,13846,3984,3114,4841,3645,2312,5649,E14000721,Hackney South and Shoreditch,58767
7281,14750,6802,5307,5105,4043,4345,3579,5522,E14000732,Harrow West,60211
8748,19073,10898,3818,2430,4006,3373,2062,3525,E14000750,Holborn and St Pancras,68696
10770,20397,12423,4277,4472,4054,3216,2071,5191,E14000752,Hornsey and Wood Green,57731
5502,8854,6174,5840,5870,4590,3331,2936,3989,E14000774,Kingswood,44312
3779,7010,4325,4677,3881,4676,5492,10213,10046,E14000782,Leicester East,73042
5850,10039,6548,4132,4970,4322,3473,3292,5230,E14000797,Loughborough,61286
4326,8314,4928,4230,4450,4942,3657,5355,6514,E14000800,Luton North,62032
7865,10809,6736,4229,4138,3934,3084,2019,3600,E14000802,Macclesfield,49157
10946,13958,8666,4609,4159,3644,2681,2011,3077,E14000803,Maidenhead,54196
7925,10677,7950,5386,5848,4652,3796,3723,6098,E14000804,Maidstone and The Weald,57110
4833,7484,5805,4642,5702,4950,3777,4459,5090,E14000805,Makerfield,52946
5675,17584,10736,5358,3906,6631,6289,3565,9200,E14000807,Manchester Central,87354
3357,9322,5333,3471,3127,4437,4862,3916,7206,E14000808,Manchester Gorton,75201
5957,17460,8192,3705,2307,3299,3470,1647,3847,E14000809,Manchester Withington,50385
4976,6575,5462,4363,6299,5826,4337,5093,8436,E14000810,Mansfield,59115
8107,10239,6769,4663,5453,3932,3039,2247,3271,E14000811,Meon Valley,50476
7928,10837,6406,5287,4425,4319,3422,3346,4804,E14000812,Meriden,63825
10599,13609,10168,6351,6497,4932,3507,3069,4386,E14000813,Mid Bedfordshire,59896
5314,9026,5535,3868,4328,3172,2772,2513,3289,E14000814,Mid Derbyshire,44128
5539,7710,5288,4014,4762,3616,2845,2090,3206,E14000815,Mid Dorset and North Poole,45335
6593,8078,6472,4720,6771,5522,3905,4025,5387,E14000816,Mid Norfolk,59900
9784,13363,9275,5486,5234,5443,3639,2315,4181,E14000817,Mid Sussex,56933
8067,9210,6414,4879,5972,4598,3764,4114,5191,E14000818,Mid Worcestershire,55533
2484,5247,3592,2976,3816,5132,3684,4011,5574,E14000819,Middlesbrough,60557
8967,14611,9774,6614,5403,5276,5473,4679,9338,E14000821,Milton Keynes North,69824
9331,15929,10164,7210,5601,5740,5880,4668,8719,E14000822,Milton Keynes South,73858
6378,11343,7318,5112,6369,5674,4793,3881,6863,E14000823,Mitcham and Morden,56240
9652,10996,7059,4380,4641,3690,2316,1423,2639,E14000824,Mole Valley,49859
4181,6150,4590,3389,5088,5277,3272,3358,4339,E14000825,Morecambe and Lunesdale,49656
6577,10798,8057,5999,5549,4375,4113,3498,4776,E14000826,Morley and Outwood,50879
5954,6673,4309,3352,4659,3935,2617,1715,3110,E14000828,New Forest West,48683
7520,8849,6113,4263,5157,4178,3434,3668,5195,E14000829,Newark,56181
3350,8593,4121,3126,3352,4030,4130,3047,5445,E14000831,Newcastle upon Tyne Central,64564
4766,10950,5556,4344,3988,4138,4111,2717,3855,E14000833,Newcastle upon Tyne North,53160
3989,7441,4696,3686,4425,4199,3579,3117,5185,E14000834,Newcastle-under-Lyme,48370
5473,7269,5126,3891,5466,4979,3514,2807,4149,E14000835,Newton Abbot,50841
5335,7389,6545,5286,6043,5485,4780,6555,8489,E14000836,Normanton Pontefract and Castleford,62357
5497,5373,3928,3051,7450,4557,3374,3208,4772,E14000837,North Cornwall,51813
6631,7702,5643,4232,6520,4352,3078,2912,4417,E14000839,North Dorset,52747
3950,6056,4680,4107,4363,4010,3597,3467,4262,E14000840,North Durham,48843
10333,13270,9859,6349,6806,5069,3983,3353,4719,E14000841,North East Bedfordshire,60146
6263,6870,6349,5064,7416,5898,4130,7340,7235,E14000842,North East Cambridgeshire,64280
5420,7343,4950,4184,5210,4240,3485,3117,4320,E14000843,North East Derbyshire,50355
10524,12843,9012,5062,4734,3849,2803,1724,2956,E14000844,North East Hampshire,52401
8572,11378,7467,4856,5091,4018,3086,2685,3825,E14000845,North East Hertfordshire,51812
6966,9818,6137,4756,5712,4280,2965,2777,4121,E14000846,North East Somerset,50835
6306,6942,4693,3735,6578,3828,2551,2691,4119,E14000847,North Herefordshire,48049
4706,4428,3513,2769,5543,4104,2951,2089,3789,E14000848,North Norfolk,51730
6941,7968,6068,4546,7287,5424,3683,4261,5637,E14000849,North Shropshire,58339
8046,11730,7227,5042,4502,3781,3062,2244,3598,E14000850,North Somerset,53933
6817,10553,8023,6199,6545,5521,5183,5829,6899,E14000851,North Swindon,59651
5283,6874,5315,3913,5303,5464,3398,2825,4179,E14000852,North Thanet,56794
4480,9418,6495,5954,4845,4954,5407,3594,5060,E14000853,North Tyneside,57434
9643,13333,9992,7435,7048,6002,5247,5454,7751,E14000855,North West Cambridgeshire,70911
4642,6903,5212,3909,5284,4636,3460,3714,4207,E14000856,North West Durham,51930
9156,11124,8755,6188,6107,4799,3651,3711,5390,E14000857,North West Hampshire,55655
7305,8940,6845,4828,5962,4407,3642,4481,5551,E14000858,North West Leicestershire,52744
4936,6270,4281,3756,5941,4990,3432,4591,5712,E14000859,North West Norfolk,54773
8226,9974,8059,5106,5565,3893,2855,2769,3615,E14000860,North Wiltshire,49816
4899,7839,5369,4698,5199,5214,4065,5186,11120,E14000862,Northampton South,53238
4279,11856,6083,3612,3964,4649,4277,2773,5790,E14000864,Norwich South,58642
3533,8694,5418,3237,3212,4469,4082,4012,7359,E14000865,Nottingham East,63551
2920,5233,3830,3419,4311,5718,4083,4056,7443,E14000866,Nottingham North,58348
4962,7788,5697,4738,4842,4587,3544,4474,6972,E14000868,Nuneaton,51880
6094,9129,6526,6403,4618,3250,2532,2219,2831,E14000869,Old Bexley and Sidcup,46083
4913,7316,5156,4097,4991,4801,3585,4056,5561,E14000870,Oldham East and Saddleworth,64128
3751,6203,4801,4221,4942,4698,4093,4587,6274,E14000871,Oldham West and Royton,68454
7220,10903,6313,5156,3954,3195,2442,1707,2492,E14000872,Orpington,49441
4786,20226,6915,3973,4120,5383,3784,3483,7248,E14000873,Oxford East,71539
7062,17863,7079,4408,4291,3466,2685,2136,3795,E14000874,Oxford West and Abingdon,55251
4070,5701,4083,3159,5373,4135,3673,4558,4871,E14000875,Pendle,56134
5423,6129,4123,3339,7385,3649,3095,3737,4670,E14000877,Penrith and The Border,42872
4951,8127,5678,5015,5221,5458,5393,7506,11216,E14000878,Peterborough,72586
3367,5799,5104,4159,5843,5405,3884,3509,5045,E14000879,Plymouth Moor View,53226
4509,9524,6604,4397,6075,5710,5051,3964,6293,E14000880,Plymouth Sutton and Devonport,60530
6554,9387,6410,4358,5370,4672,3642,3008,4128,E14000881,Poole,52489
12010,27661,14543,6232,4102,4965,5602,3685,6788,E14000882,Poplar and Limehouse,81694
5091,8366,5994,5004,6174,5497,4022,3705,5615,E14000883,Portsmouth North,50665
4715,9719,6213,3978,4489,5177,4459,3583,5987,E14000884,Portsmouth South,59550
2819,5837,4120,3917,3749,5151,4422,4275,6839,E14000885,Preston,54819
10731,17008,9749,3958,2607,3572,2562,1874,3332,E14000887,Putney,45395
6834,8653,7274,6614,5687,3716,3139,2745,3488,E14000888,Rayleigh and Wickford,51933
7239,17597,8663,4789,4344,4939,4266,2929,6285,E14000889,Reading East,59508
6259,12132,7715,5404,5581,5541,4405,3662,6624,E14000890,Reading West,55073
2870,5105,4243,3342,4206,4904,3219,3562,4293,E14000891,Redcar,51668
5478,7276,5407,4422,5414,3990,3724,4790,5158,E14000892,Redditch,47389
9460,13746,8164,4994,4311,4661,2768,1940,3182,E14000893,Reigate,54238
7567,10883,6895,5083,6289,4518,3264,3269,3922,E14000894,Ribble Valley,51369
7493,8329,7980,4624,6955,4410,3281,2850,4840,E14000895,Richmond Yorks,54259
14652,19737,10564,4117,2325,3173,2290,1135,2091,E14000896,Richmond Park,61328
4433,7130,5246,4096,4756,4907,3973,4666,6476,E14000897,Rochdale,68708
6920,9880,7905,6091,6679,5041,4001,4537,5570,E14000898,Rochester and Strood,60024
5749,8188,6338,5133,4997,5232,3964,3359,5109,E14000899,Rochford and Southend East,57803
6569,10561,5508,3971,3940,3461,2565,2251,3476,E14000901,Romsey and Southampton North,49625
6156,8787,6153,4241,5757,4996,3575,3505,4154,E14000902,Rossendale and Darwen,52103
5330,8102,5443,4563,5834,4539,3744,3841,4419,E14000903,Rother Valley,53212
3090,4808,3758,3286,4544,4191,4047,4363,5412,E14000904,Rotherham,53118
6768,10768,6863,4996,4798,4018,3644,4413,8687,E14000905,Rugby,53487
8965,13973,6841,5035,3408,3096,2331,1785,2550,E14000906,Ruislip Northwood and Pinner,52321
10203,12244,8188,5064,4548,4381,3192,2147,3759,E14000907,Runnymede and Weybridge,57299
8526,14959,7225,4219,3585,3055,2649,1687,3066,E14000908,Rushcliffe,52721
11062,12529,8798,5933,5962,4391,3199,2650,3889,E14000910,Saffron Walden,59434
6418,14572,10477,6463,4878,5493,6053,3361,7707,E14000911,Salford and Eccles,63750
6766,10337,6472,5679,5275,4585,3436,2633,4529,E14000912,Salisbury,50559
4918,5770,4262,3057,6498,5090,3661,3434,5568,E14000913,Scarborough and Whitby,54927
3531,4815,3965,3242,4623,4061,3416,6278,6686,E14000914,Scunthorpe,50003
4118,6161,4667,3534,4419,3856,2957,3776,4147,E14000915,Sedgefield,48028
5266,8942,5514,4823,3358,3381,2799,1992,2440,E14000916,Sefton Central,46354
8404,9943,7132,4805,5872,4133,3712,4017,4690,E14000917,Selby and Ainsty,53100
8636,10231,6697,4763,4656,3197,2556,1975,3025,E14000918,Sevenoaks,51894
6001,15148,5480,3366,2684,2359,2130,919,2092,E14000922,Sheffield Hallam,48558
3606,8671,5115,3806,4541,4439,3814,2839,4891,E14000923,Sheffield Heeley,51318
6016,8212,6140,4568,6172,5250,3749,3546,5419,E14000924,Sherwood,55113
6295,10690,6695,4749,4523,3916,3118,2473,3393,E14000925,Shipley,51570
6822,10762,6272,4523,6344,5554,4138,3177,5039,E14000926,Shrewsbury and Atcham,57056
6649,7559,7158,5662,7076,5236,4004,5458,6963,E14000927,Sittingbourne and Sheppey,66917
7863,9156,6107,4144,7019,4049,3212,2604,4473,E14000928,Skipton and Ripon,52406
8291,10163,8226,5947,6647,5428,3691,3917,4977,E14000929,Sleaford and North Hykeham,63492
7048,12986,6560,5236,3893,3179,2973,2204,3086,E14000931,Solihull,54476
7705,9102,6733,4382,7474,5020,3462,3654,5024,E14000932,Somerton and Frome,58836
5623,7500,5903,5966,5935,4504,3815,4271,5651,E14000933,South Basildon and East Thurrock,54039
9795,20472,8383,5047,5107,4411,2881,2309,3725,E14000934,South Cambridgeshire,62378
7651,10303,6889,5007,5736,4688,3607,4674,5350,E14000935,South Derbyshire,53302
5235,6045,5363,3712,5701,5050,3140,2527,4383,E14000936,South Dorset,52595
8935,16299,8412,5462,5930,5095,3186,3078,4540,E14000937,South East Cambridgeshire,57983
5198,6411,4675,3414,6320,4238,3012,2847,4105,E14000938,South East Cornwall,51140
6148,6280,5212,4817,6734,4763,3730,7365,7052,E14000939,South Holland and The Deepings,57380
7850,10504,7911,5798,6629,4607,3849,3636,5173,E14000940,South Leicestershire,54400
11353,13851,10198,7016,6566,4609,4086,3601,5738,E14000942,South Northamptonshire,59520
6439,9528,6356,4937,5249,4172,3464,3054,4007,E14000943,South Ribble,52046
2803,5089,4082,3518,3770,3731,3313,3022,3600,E14000944,South Shields,47469
6533,8339,5691,4840,5512,3482,2889,2651,3568,E14000945,South Staffordshire,51874
6697,7737,6019,4338,5930,4097,3192,2774,4027,E14000946,South Suffolk,51767
5750,10669,6775,5102,4974,4796,4547,5080,8605,E14000947,South Swindon,55893
5253,7209,5350,3621,4849,5071,3437,2808,4448,E14000948,South Thanet,57575
7728,10433,8065,5861,6675,4940,4135,4398,5987,E14000949,South West Bedfordshire,56760
5700,8757,6289,4437,6022,4156,3302,2455,3378,E14000950,South West Devon,49150
11176,13914,8405,5083,4488,3698,2562,1861,3354,E14000951,South West Hertfordshire,56125
6356,6355,6029,4549,7022,5124,3690,5681,6321,E14000952,South West Norfolk,59308
10955,13445,8010,4187,4376,3973,2605,1445,2988,E14000953,South West Surrey,56312
6960,7915,6539,4820,6437,5118,3766,4046,5390,E14000954,South West Wiltshire,53735
4940,9157,6792,4806,6181,5841,4795,4537,6563,E14000955,Southampton Itchen,56445
4166,11362,5933,4216,4989,5733,4275,4804,7685,E14000956,Southampton Test,57372
6105,9023,6515,5063,4211,3766,2957,2251,3297,E14000957,Southend West,48438
4906,7622,4697,4029,4313,5061,3308,2812,4127,E14000958,Southport,52107
7477,10061,7719,6055,5064,4417,3397,3250,4099,E14000959,Spelthorne,51417
10304,15563,8237,4313,3360,3415,2647,1734,3002,E14000960,St Albans,51247
6028,6575,5223,4231,7726,5658,4172,3868,5574,E14000961,St Austell and Newquay,58672
4602,7646,5627,4383,4937,4933,3686,3925,5271,E14000962,St Helens North,55159
4641,8235,5803,4733,4743,5508,4065,4255,5830,E14000963,St Helens South and Whiston,57623
4922,5201,4437,2953,6024,4330,3151,2184,3927,E14000964,St Ives,48181
5984,9798,6711,4495,4597,4166,3620,2957,5395,E14000965,Stafford,51522
4802,6205,4269,3181,5382,3557,2492,2939,3373,E14000966,Staffordshire Moorlands,40408
4904,7367,6124,4858,5195,4573,4117,3753,4356,E14000967,Stalybridge and Hyde,52109
5934,10028,6799,4957,5600,4953,3898,3565,4912,E14000968,Stevenage,49325
4835,10330,6155,4171,3666,4306,3813,2494,3934,E14000969,Stockport,46587
3511,6255,4548,3740,4223,4500,3506,3528,5179,E14000970,Stockton North,54046
5474,10415,6355,4673,4647,4358,3824,3464,4242,E14000971,Stockton South,56106
2654,5063,3621,2973,4121,4624,4041,4160,7053,E14000972,Stoke-on-Trent Central,49863
3484,5076,4311,3801,5752,5239,4197,4932,6720,E14000973,Stoke-on-Trent North,56003
3546,5223,4097,3454,4890,4812,3652,4353,6038,E14000974,Stoke-on-Trent South,50677
6640,8355,5352,3662,4754,3348,2666,2632,3720,E14000975,Stone,45374
4976,7497,5175,4349,4998,3794,3301,3315,3922,E14000976,Stourbridge,49034
10341,20159,13105,4731,3901,4793,3293,2229,6538,E14000978,Streatham,49424
5288,11435,7102,5104,3796,4020,4089,2789,4287,E14000979,Stretford and Urmston,53859
6440,7081,5836,4490,5417,4256,3329,3252,4599,E14000981,Suffolk Coastal,58309
3586,7161,4838,3969,4170,4473,4611,3505,4494,E14000982,Sunderland Central,56607
10038,12704,8688,5633,5028,4665,3417,2371,3550,E14000983,Surrey Heath,54814
7796,13406,7234,5617,5091,4241,3290,2492,3566,E14000984,Sutton and Cheam,52223
7561,12966,6409,4890,3390,2937,2431,1810,2793,E14000985,Sutton Coldfield,51498
6063,6829,5503,4859,5027,3918,4035,4456,6440,E14000986,Tamworth,50815
9252,10080,6100,3594,3213,2756,2666,1629,2935,E14000987,Tatton,47026
7126,11605,7246,5245,6792,7226,4163,3872,5694,E14000988,Taunton Deane,63537
4646,7079,5506,4136,4995,5009,3805,5398,6245,E14000989,Telford,55095
7518,11236,7512,6768,5613,4728,3760,3328,4246,E14000990,Tewkesbury,56865
9590,9792,6671,4313,6092,4038,3198,2266,4189,E14000991,The Cotswolds,53891
5925,8910,7063,4395,4878,4063,3499,4414,5098,E14000992,The Wrekin,53773
7243,7622,5295,4011,7570,4449,3216,3191,4980,E14000993,Thirsk and Malton,54129
6359,9453,6157,5261,5256,3661,3157,2731,3970,E14000994,Thornbury and Yate,46810
6753,9509,6893,7288,6961,5373,5598,6669,9265,E14000995,Thurrock,67121
6646,7317,5282,4224,7533,4999,3938,3635,5213,E14000996,Tiverton and Honiton,56929
9399,11136,7650,5180,5040,3968,3183,2275,3738,E14000997,Tonbridge and Malling,55835
10945,20709,12561,4386,2666,3488,2627,1653,3309,E14000998,Tooting,44943
5345,6283,4757,3704,5655,6345,3846,3109,5304,E14000999,Torbay,58582
5637,6710,4633,3758,8010,5120,3307,2980,4702,E14001000,Torridge and West Devon,57707
5892,6301,4422,2922,5791,3829,2851,1829,3612,E14001001,Totnes,50620
6398,13341,9419,4912,6793,6365,4868,3956,11458,E14001002,Tottenham,72126
6047,9545,5715,3551,5750,4334,3526,2117,4352,E14001003,Truro and Falmouth,54562
9369,12236,7618,4589,4647,4104,3357,1943,3904,E14001004,Tunbridge Wells,53659
12875,17720,10454,4451,3141,3548,2539,1517,2616,E14001005,Twickenham,58912
5447,12361,6867,4791,3859,3878,4036,2254,3567,E14001006,Tynemouth,54268
7501,7649,6165,5171,5519,3408,3039,2678,3476,E14000806,Maldon,49708
3856,7055,4879,3521,4682,4972,3251,3348,4230,E14000820,Middlesbrough South and East Cleveland,56175
6043,7283,5618,4363,5312,4318,2769,2783,3890,E14000827,New Forest East,48400
9460,12797,8320,5218,5747,5100,3733,2919,4696,E14000830,Newbury,55446
3332,11186,5383,3559,2697,3526,4332,2142,5304,E14000832,Newcastle upon Tyne East,57323
5202,6556,5385,4650,5175,4130,3482,4254,5898,E14000854,North Warwickshire,48939
4059,6903,4845,4278,4845,4686,3526,4317,8352,E14000861,Northampton North,47387
4361,7418,5565,4296,5294,4673,4283,3448,5066,E14000863,Norwich North,47679
3844,10505,5093,3456,3111,4104,3951,3162,6613,E14000867,Nottingham South,72866
5350,8628,5281,4237,5005,3857,3029,2756,3617,E14000876,Penistone and Stocksbridge,47259
6827,13097,7706,4985,4193,3729,3033,2219,3168,E14000886,Pudsey,48898
6360,10339,6967,6695,6024,4250,3362,3273,4403,E14000900,Romford,54938
8783,9577,7193,4593,5959,4487,3108,3502,4640,E14000909,Rutland and Melton,56213
3952,14601,6820,3616,3177,4211,5101,2556,6059,E14000919,Sheffield Central,67727
3691,6328,4799,4457,5397,4207,4142,3727,4884,E14000920,Sheffield South East,52397
2781,6435,4110,3640,4625,5542,4554,4371,7250,E14000921,Sheffield Brightside and Hillsborough,65770
6956,13470,7702,6364,5915,6572,5882,7245,10259,E14000930,Slough,81717
7590,11382,6866,5073,6570,4928,3546,3380,4419,E14000941,South Norfolk,58441
8968,9918,6414,4203,5098,3372,3192,2010,3804,E14000977,Stratford-on-Avon,50247
7934,11157,7372,4871,6665,4737,3388,3323,4400,E14000980,Stroud,54047
6969,12434,7463,5651,5146,4437,3507,3434,4521,E14001007,Uxbridge and South Ruislip,58713
9672,22941,13721,5030,3264,4900,3523,2353,6684,E14001008,Vauxhall,50019
4954,7247,5868,4281,4864,4158,3655,4443,6877,E14001009,Wakefield,54502
3690,6321,5068,4251,4044,4685,3625,2955,3885,E14001010,Wallasey,49918
3210,4743,3856,3686,5494,4757,3776,4951,6322,E14001011,Walsall North,59627
3818,6672,4272,3782,4316,4333,4007,4903,6153,E14001012,Walsall South,63794
7750,15457,10214,4472,5837,4463,4116,3534,7019,E14001013,Walthamstow,59553
3708,6025,4430,3539,3774,4666,3171,2692,3707,E14001014,Wansbeck,47578
10456,17210,10554,6178,6713,5273,3896,3538,5373,E14001015,Wantage,62156
5336,7867,5849,4732,4310,4102,4154,3670,6252,E14001017,Warrington North,50691
8268,12987,8125,5281,4432,4242,4349,3482,5759,E14001018,Warrington South,57092
7705,16021,7596,4123,4074,3736,3327,2470,4285,E14001019,Warwick and Leamington,52670
3299,4743,3808,4286,3820,3700,4314,4327,4934,E14001020,Washington and Sunderland West,49807
8898,15338,9120,6303,6101,5571,4549,3823,6144,E14001021,Watford,62703
4508,5703,4733,3723,5843,5526,3941,4052,5077,E14001022,Waveney,60351
9146,9399,7091,5074,6546,4853,3272,2064,3791,E14001023,Wealden,57636
6277,8780,6061,4089,3742,3692,3791,3157,4635,E14001024,Weaver Vale,48646
6440,7948,6550,5479,6282,5183,4640,5555,9031,E14001025,Wellingborough,58707
7082,8092,5741,4222,6627,5084,3908,3663,5076,E14001026,Wells,58035
7761,11535,7537,5330,4881,4850,4469,3095,6003,E14001027,Welwyn Hatfield,58733
4355,6024,4876,4190,5941,4678,4700,4406,5814,E14001028,Wentworth and Dearne,55630
3078,5490,4047,3970,4300,4077,3430,4953,6206,E14001029,West Bromwich East,56874
3360,4963,4083,4069,4913,4532,4081,5826,6564,E14001030,West Bromwich West,58986
6381,8153,5167,3825,6357,4438,3061,2181,4094,E14001031,West Dorset,57344
8930,19876,11585,6675,9042,7850,6932,5899,13883,E14001032,West Ham,93408
5801,8463,5335,4117,4484,4500,3568,3763,5365,E14001033,West Lancashire,55046
7714,9106,8952,5547,8103,6498,3917,4957,6710,E14001034,West Suffolk,60755
7425,9347,5499,4076,5481,3825,2866,2332,3430,E14001035,West Worcestershire,53938
11206,15641,9384,3836,2075,3635,3196,1642,3417,E14001036,Westminster North,57748
6234,6880,4243,3167,6362,3751,3276,2124,4563,E14001037,Westmorland and Lonsdale,43820
6579,8627,6358,5092,5935,6358,4315,4467,5738,E14001038,Weston-Super-Mare,60093
4912,8068,5727,4417,5452,5329,3867,4795,6139,E14001039,Wigan,56184
11314,18069,9019,4044,2746,2949,2237,1321,2635,E14001040,Wimbledon,46882
8096,13584,6836,3985,3607,3466,2741,1563,3611,E14001041,Winchester,54782
11483,12692,9485,5152,4210,4048,2682,2102,3475,E14001042,Windsor,54035
4131,7867,4549,3552,2988,3022,2389,1984,2402,E14001043,Wirral South,39679
6890,8431,6662,5067,5517,3997,3283,2946,3981,E14001045,Witham,49661
9428,12007,8946,5521,6745,5105,3476,3170,4525,E14001046,Witney,55311
9282,14103,9233,5240,4600,4561,3331,2617,3924,E14001047,Woking,54726
10630,17858,10319,5702,4483,4071,3316,2125,3160,E14001048,Wokingham,58367
2898,5660,3865,3639,4440,4719,3216,4504,6195,E14001049,Wolverhampton North East,53503
3006,5014,3747,3617,4514,4529,3664,5344,6649,E14001050,Wolverhampton South East,56854
4245,7795,4597,3592,3292,3673,2715,3406,4665,E14001051,Wolverhampton South West,49579
5584,10280,6689,4794,4867,5125,4140,4106,6044,E14001052,Worcester,52243
3545,5640,3913,2874,5726,3836,2809,3662,4040,E14001053,Workington,42791
5640,8935,6659,5239,4711,4883,4211,3700,5550,E14001054,Worsley and Eccles South,58225
5919,8574,6384,4540,4835,5260,3536,2460,4023,E14001055,Worthing West,56515
8458,12118,8024,5176,5462,4987,4277,3506,4947,E14001056,Wycombe,58069
6245,11111,5924,5060,4774,3712,2825,2348,3254,E14001057,Wyre and Preston North,51744
5831,7070,5264,4333,6005,4925,3770,3760,4828,E14001058,Wyre Forest,55818
5064,11037,6241,4735,4234,5410,4339,2996,6028,E14001059,Wythenshawe and Sale East,61497
5917,8122,6677,4972,7716,5949,4362,4451,5838,E14001060,Yeovil,59825
5398,12494,6714,3941,4444,4836,4696,2751,6539,E14001061,York Central,52878
6205,10969,5912,4249,4182,3630,3509,2215,3512,E14001062,York Outer,53745
3167,4716,3179,2482,4547,3638,2522,2065,2886,W07000041,Ynys Mon,39676
3641,5363,3769,2916,4171,3380,2414,3321,3436,W07000042,Delyn,38184
4436,6817,4891,4002,4837,3958,3439,4399,4629,W07000043,Alyn and Deeside,42958
3046,5213,3486,2947,3548,3527,2568,3947,4048,W07000044,Wrexham,39502
3214,5617,3865,3312,4215,4673,3188,3189,3862,W07000045,Llanelli,47231
4134,7917,4376,3857,3599,3457,2596,1827,2790,W07000046,Gower,43504
2948,6931,3515,2914,2801,3181,2941,1693,3542,W07000047,Swansea West,47950
2806,5222,3599,4254,4008,4318,3990,2830,4569,W07000048,Swansea East,46424
2425,4136,3123,3089,3319,3475,2528,2737,3420,W07000049,Aberavon,41118
3462,10201,5153,3270,2179,3246,3772,1763,3955,W07000050,Cardiff Central,55206
5163,13657,6084,4359,2947,3095,2951,1556,2453,W07000051,Cardiff North,48077
1995,3448,2897,2543,3967,4416,2484,3042,3360,W07000052,Rhondda,40019
3456,5359,4395,3698,4303,4257,3133,3604,4227,W07000053,Torfaen,46206
6061,8434,4848,3443,4544,3235,2530,2152,3367,W07000054,Monmouth,46423
3791,6304,4652,3986,3729,3696,3592,3577,5553,W07000055,Newport East,45034
4634,9115,5625,4470,3456,3799,3564,3205,4475,W07000056,Newport West,50888
2283,5548,3039,2166,3312,3367,2222,1758,2742,W07000057,Arfon,33429
3120,4174,2730,1931,3236,3168,2108,1353,2522,W07000058,Aberconwy,31527
3825,5690,3711,2715,4396,3851,2446,2131,2783,W07000059,Clwyd West,42656
3121,4887,3277,2647,3715,4260,2739,2438,3183,W07000060,Vale of Clwyd,42737
3077,3507,2227,1698,4965,3284,1896,1804,2922,W07000061,Dwyfor Meirionnydd,32146
3371,5076,3509,3071,4528,3872,2338,3527,3599,W07000062,Clwyd South,37879
3550,4310,2899,2410,6019,3118,2231,2533,3201,W07000063,Montgomeryshire,33477
3363,5368,3108,2452,5437,3147,2408,1712,3124,W07000064,Ceredigion,41356
3724,4897,3461,2655,6002,4347,2648,2465,3558,W07000065,Preseli Pembrokeshire,43874
3948,5312,3387,2674,5468,4154,2771,2240,3640,W07000066,Carmarthen West and South Pembrokeshire,44026
3567,5640,3499,2742,5536,3757,2355,2372,2762,W07000067,Carmarthen East and Dinefwr,41410
3847,4746,3435,2628,6177,3435,1986,2077,3125,W07000068,Brecon and Radnorshire,37966
2775,5120,3692,3617,3756,3794,2584,2618,2978,W07000069,Neath,41982
2478,4290,3126,2697,3839,3807,2695,2933,3605,W07000070,Cynon Valley,41154
2553,4399,3382,2730,3961,4115,2994,3454,4311,W07000071,Merthyr Tydfil and Rhymney,42575
2217,3483,2803,2295,3390,4324,2437,3952,3899,W07000072,Blaenau Gwent,38105
4355,7784,5093,3571,3992,3882,3233,2622,3571,W07000073,Bridgend,47655
3218,5446,3975,3007,4224,4290,2881,3240,3995,W07000074,Ogmore,42799
3908,7461,4812,3813,4260,3827,3136,2672,3480,W07000075,Pontypridd,44138
3747,6478,4826,4138,4301,4038,3314,3291,3881,W07000076,Caerphilly,47940
3094,4860,3979,3332,3905,3674,2795,3711,3814,W07000077,Islwyn,41202
6138,9261,6633,4740,4559,5092,3833,2518,3618,W07000078,Vale of Glamorgan,56215
4815,11229,6048,3904,3340,4053,3486,2061,3875,W07000079,Cardiff West,52236
5472,12050,7166,4941,4126,5017,4809,3080,5222,W07000080,Cardiff South and Penarth,62159
9455,12871,9710,6564,6436,5964,4360,3862,5148,E14000538,Aylesbury,60713
3605,5960,4567,2702,5094,3384,2335,3147,4264,E14000647,Copeland,41460
4367,10396,5438,3972,3592,4100,3638,3164,6860,E14000651,Coventry South,68097
5749,6898,5067,3618,7162,4874,3406,3237,5152,E14000838,North Devon,53448
3149,6423,4346,3668,4029,4494,3664,4681,7021,E14001016,Warley,61853
4115,7437,4157,3086,2620,2863,2042,1567,2128,E14001044,Wirral West,38902