code,areaName,-8,0,1,2,3,4,5,6
16148,10772,12998,5148,15712,26952,2751,E14000530,Aldershot,20791
14244,6916,9159,3906,11067,16786,1766,E14000531,Aldridge-Brownhills,13808
9131,5703,9718,3460,11217,38655,1562,E14000532,Altrincham and Sale West,21480
12021,8127,13252,4434,15113,31907,2276,E14000534,Arundel and South Downs,17164
20866,10369,13504,5883,15054,17560,2207,E14000535,Ashfield,19051
18170,11692,15739,5698,17433,30565,2979,E14000536,Ashford,25048
18172,8962,11335,5389,12864,17704,2210,E14000537,Ashton-under-Lyne,19337
24117,11029,13357,3981,14499,36269,4046,E14000540,Barking,38590
12555,6876,9397,7507,14520,20442,1622,E14000543,Barrow and Furness,14519
15127,9834,12601,4026,13083,20108,2009,E14000544,Basildon and Billericay,20911
14480,10921,13971,4776,17328,32111,2602,E14000545,Basingstoke,23307
19410,9853,13340,6033,15523,22486,2775,E14000546,Bassetlaw,18990
7995,4575,7654,2748,20290,36301,1676,E14000547,Bath,13807
20226,9486,12593,5439,15187,22112,2498,E14000548,Batley and Spen,23152
9217,4353,6419,1780,10763,66088,2292,E14000549,Battersea,18519
11403,6965,10845,4012,12656,37326,2047,E14000550,Beaconsfield,19777
9192,6300,10193,3005,11685,32884,1811,E14000551,Beckenham,17707
17524,9896,11588,4944,13524,28585,3002,E14000552,Bedford,21538
16394,7346,8829,3101,15910,67375,3118,E14000553,Bermondsey and Old Southwark,20691
11769,6367,9174,4824,10849,20358,1692,E14000554,Berwick-upon-Tweed,10506
14866,8547,11699,6255,14773,26436,2361,E14000556,Beverley and Holderness,15005
15725,9817,13337,5383,15176,26706,2662,E14000557,Bexhill and Battle,15869
13692,8385,10958,4014,12112,23545,2153,E14000558,Bexleyheath and Crayford,19753
15703,7467,11124,4466,12813,19327,1744,E14000559,Birkenhead,17633
14759,6507,8551,2684,14127,32064,2180,E14000560,Birmingham Edgbaston,19254
22055,9510,10977,3867,12794,19882,2434,E14000561,Birmingham Erdington,23338
31195,11502,13584,2864,14091,18827,3169,E14000563,Birmingham Hodge Hill,37141
26438,10598,11166,2937,20610,36961,3614,E14000564,Birmingham Ladywood,31737
19270,8979,11829,3979,13723,22712,2161,E14000565,Birmingham Northfield,23241
23307,9836,11238,3468,13845,22247,2939,E14000566,Birmingham Perry Barr,25560
15936,7015,9816,3005,22577,29504,2049,E14000567,Birmingham Selly Oak,19703
23820,10298,12639,3620,14000,20986,2815,E14000568,Birmingham Yardley,28785
16616,7273,10899,5107,13637,19250,1752,E14000569,Bishop Auckland,15379
22954,9604,11829,4331,12978,22058,2846,E14000570,Blackburn,27795
25135,9932,11684,4177,12800,26851,3295,E14000571,Blackley and Broughton,35036
15919,7761,10462,4846,11868,16651,1916,E14000572,Blackpool North and Cleveleys,13448
16737,7943,9893,4461,11078,14507,1763,E14000573,Blackpool South,14618
13405,7718,11083,5376,13586,17404,1777,E14000575,Blyth Valley,14988
19826,9479,12504,5590,14680,18345,2207,E14000577,Bolsover,17347
18234,8623,11117,4891,12964,21517,2248,E14000578,Bolton North East,21490
22756,9788,11975,4950,13387,19129,2715,E14000579,Bolton South East,26708
14611,7869,11184,5369,13929,25704,1861,E14000580,Bolton West,18580
20046,9441,12117,4636,14513,19765,1950,E14000581,Bootle,18914
26009,11361,13324,6506,13160,16550,3741,E14000582,Boston and Skegness,18838
16299,9485,12775,5812,15925,25780,2220,E14000583,Bosworth,18537
13332,8273,12105,4891,16132,30871,2645,E14000584,Bournemouth East,18689
14753,8764,11659,5164,20836,27933,2635,E14000585,Bournemouth West,15881
25938,10818,12700,4381,13328,19652,3016,E14000587,Bradford East,31982
20672,9821,11868,5034,13244,18460,2310,E14000588,Bradford South,25031
26300,10241,11477,3580,12949,22918,3141,E14000589,Bradford West,30749
16972,8597,10604,3627,13889,57427,4215,E14000593,Brentford and Isleworth,28539
13217,8097,12532,4039,13665,26626,2145,E14000594,Brentwood and Ongar,18046
19222,10923,14961,6603,17076,25152,3017,E14000595,Bridgwater and West Somerset,19336
15492,8131,11044,5317,12918,17999,2119,E14000596,Brigg and Goole,14648
8402,5179,8764,2432,20699,42799,1802,E14000598,Brighton Pavilion,14662
14931,7977,10798,4566,14927,29992,2194,E14000599,Bristol East,18930
13951,7223,10454,3711,15480,35400,2161,E14000600,Bristol North West,21666
9232,4979,8467,2118,29130,65083,1944,E14000602,Bristol West,19012
15057,9314,13293,5862,15182,23020,2256,E14000603,Broadland,16079
10828,6514,9943,2890,11121,33101,1912,E14000604,Bromley and Chislehurst,19784
12725,7355,11428,4338,13476,29698,2081,E14000605,Bromsgrove,18082
11100,7903,12760,4459,14855,37102,2024,E14000608,Buckingham,21047
18347,8368,10415,4920,12610,18299,2240,E14000609,Burnley,19447
14114,7313,10675,4234,12241,23100,2123,E14000611,Bury North,18058
14592,7756,11984,4371,13346,26936,2088,E14000612,Bury South,20920
17174,10599,13911,5944,17077,30515,2831,E14000613,Bury St Edmunds,19396
13598,7714,11424,5301,14820,29749,1740,E14000614,Calder Valley,18228
16194,7260,9105,2854,12801,54129,2482,E14000615,Camberwell and Peckham,23207
13631,7948,11866,5462,15396,22343,1999,E14000616,Camborne and Redruth,16798
11078,5553,7782,3038,21153,63412,2432,E14000617,Cambridge,19298
18134,9826,13079,4989,15521,18748,2181,E14000618,Cannock Chase,18041
13841,7477,11134,4117,22417,34632,2498,E14000619,Canterbury,17273
17753,10153,12632,5036,12659,13747,2432,E14000622,Castle Point,15175
15379,8939,12793,5419,14887,25652,2316,E14000624,Central Suffolk and North Ipswich,17741
14923,8468,11668,5689,14751,28373,2020,E14000625,Charnwood,19028
16068,9892,13346,5029,14337,19491,2384,E14000626,Chatham and Aylesford,22015
9765,6040,10019,3808,11869,34080,1745,E14000627,Cheadle,18154
13371,9161,13394,4541,15764,32748,2491,E14000628,Chelmsford,21401
8753,3519,6032,1623,10898,53060,2375,E14000629,Chelsea and Fulham,15495
11723,6971,11128,3806,14134,38716,2152,E14000630,Cheltenham,18498
9198,5801,9862,3248,11090,36662,1609,E14000631,Chesham and Amersham,19216
15407,8411,11703,4884,13897,21267,1942,E14000632,Chesterfield,15730
14375,8562,13103,4964,17221,35951,2437,E14000633,Chichester,17808
13784,6660,9518,3231,11051,30687,2200,E14000634,Chingford and Woodford Green,18845
11760,8685,12390,4449,14990,29381,2016,E14000635,Chippenham,17965
13605,6724,10088,3197,12276,46016,2634,E14000636,Chipping Barnet,22972
13742,8010,12015,5714,15411,28760,1878,E14000637,Chorley,19480
13216,8075,11292,5562,12554,22279,2477,E14000638,Christchurch,12348
9274,3668,5490,1873,11305,55957,2811,E14000639,Cities of London and Westminster,10658
12076,6627,10244,3988,15029,34243,1905,E14000640,City of Chester,16154
13193,5960,9631,3960,22179,28306,1783,E14000641,City of Durham,14342
23058,10131,11472,5351,11195,13539,2635,E14000642,Clacton,13585
16915,8896,12008,5550,13504,18944,2326,E14000643,Cleethorpes,16024
15133,10167,14499,4717,19572,32436,2546,E14000644,Colchester,24792
15121,8079,11423,6188,15941,32522,2164,E14000645,Colne Valley,21504
12407,7479,12131,5286,15542,31402,1885,E14000646,Congleton,17907
22219,10653,12895,4975,14801,26739,3430,E14000649,Coventry North East,28701
16758,9099,11533,5197,15448,25625,2794,E14000650,Coventry North West,20836
16682,12423,15256,4895,15358,25773,3180,E14000652,Crawley,24924
17690,9461,13244,6812,15809,27948,2622,E14000653,Crewe and Nantwich,20571
16696,9418,12467,3878,14510,39689,2838,E14000654,Croydon Central,25383
20751,10915,13301,4307,16285,45910,3968,E14000655,Croydon North,31219
12430,8037,12473,3601,14740,41745,2440,E14000656,Croydon South,23719
20345,9744,12040,4103,12622,26588,2949,E14000657,Dagenham and Rainham,27408
13388,9502,13076,5273,15147,29689,2217,E14000660,Daventry,19286
14872,7920,10833,5152,13027,17888,1754,E14000661,Denton and Reddish,16380
14380,7924,10970,5202,16232,27550,2193,E14000662,Derby North,18784
22961,10569,12305,5345,13968,23361,3359,E14000663,Derby South,26649
10602,5874,9068,3592,10829,27347,1509,E14000664,Derbyshire Dales,12006
11574,8442,13088,5127,16046,27768,1963,E14000665,Devizes,19809
20430,8833,12562,5406,15196,25232,2365,E14000666,Dewsbury,23621
19706,9053,12842,5638,14420,19908,2210,E14000667,Don Valley,17937
21563,10184,12493,5779,13868,20632,2885,E14000668,Doncaster Central,20153
20536,9484,12569,5348,13306,16392,2110,E14000669,Doncaster North,19091
16706,9603,13174,5010,15169,21663,2576,E14000670,Dover,18167
17465,7610,10065,4152,11375,15997,2077,E14000671,Dudley North,17511
11403,5457,7760,2332,10608,52955,1796,E14000673,Dulwich and West Norwood,21566
12942,5719,7824,2884,13579,60505,3392,E14000674,Ealing Central and Acton,22368
19860,9344,11005,4441,13975,40033,4191,E14000675,Ealing North,27056
20123,8759,8632,2687,10366,30443,4668,E14000676,Ealing Southall,22320
17434,7187,10376,4154,11787,14096,1751,E14000677,Easington,14727
12814,8904,14012,5594,16089,33685,2389,E14000678,East Devon,18429
12818,9003,13967,4225,16199,33861,2417,E14000681,East Surrey,22806
14643,8966,12315,4887,14383,24349,2224,E14000682,East Worthing and Shoreham,17858
18182,9129,12688,6276,14521,24928,2566,E14000683,East Yorkshire,16070
13215,9770,14073,6250,18119,29396,2302,E14000685,Eastleigh,22192
12843,7567,11373,4293,13786,29193,1842,E14000686,Eddisbury,17661
24629,9683,10290,3471,12007,26967,3144,E14000687,Edmonton,27844
13186,8019,11259,4525,14157,22763,1882,E14000688,Ellesmere Port and Neston,16379
14787,8192,11780,5435,14106,29581,2034,E14000689,Elmet and Rothwell,18235
14217,6802,9095,3145,11032,30834,2092,E14000690,Eltham,19928
18564,8117,10169,3555,11972,28666,2498,E14000691,Enfield North,25450
15274,8367,11802,3846,13102,28538,2215,E14000693,Epping Forest,19469
11196,7202,11722,3719,13976,39371,2303,E14000694,Epsom and Ewell,22234
16134,9059,12000,5826,14349,19216,1985,E14000695,Erewash,16603
10099,6027,10427,3031,12425,46550,2033,E14000697,Esher and Walton,25216
13544,7934,10903,4688,25834,33428,2311,E14000698,Exeter,16587
16267,8537,11116,5274,13791,18245,1777,E14000533,Amber Valley,15312
17799,11738,15698,6003,17958,37787,3046,E14000539,Banbury,26433
18669,8128,10691,4783,12565,17401,2069,E14000541,Barnsley Central,16250
20611,8575,11436,5343,12947,15787,1999,E14000542,Barnsley East,17660
20247,7993,10100,2465,16381,57049,3319,E14000555,Bethnal Green and Bow,25465
23770,9366,11240,2380,13628,30081,2657,E14000562,Birmingham Hall Green,28792
14168,7056,10293,5527,12915,21289,1953,E14000574,Blaydon,14820
19315,11098,14103,6217,15967,22358,3142,E14000576,Bognor Regis and Littlehampton,17953
12217,9737,13583,4718,15916,32639,2429,E14000586,Bracknell,22720
15396,10572,14247,5080,15396,21404,2301,E14000590,Braintree,18867
26748,10866,11552,4578,15997,45496,4765,E14000591,Brent Central,29717
27414,11107,11508,3895,13832,45000,5199,E14000592,Brent North,26964
13883,7225,9582,3664,15683,27599,2082,E14000597,Brighton Kemptown,13940
18543,9174,12070,4887,14444,33631,2244,E14000601,Bristol South,23149
17253,9798,12424,4730,14029,23470,2446,E14000606,Broxbourne,20499
13152,7254,9781,4598,14575,29168,1928,E14000607,Broxtowe,15857
18891,9979,13253,5526,15501,24999,2787,E14000610,Burton,21593
14939,7851,10705,5192,12788,19561,1861,E14000620,Carlisle,15317
13259,8143,11170,3587,13046,30734,2304,E14000621,Carshalton and Wallington,22441
12264,7821,11536,4677,13428,28012,1951,E14000623,Central Devon,15772
20905,12007,15924,6311,17299,28002,3179,E14000648,Corby,25838
15263,7287,10971,5395,13804,20571,1964,E14000658,Darlington,16942
15649,10512,14640,5374,15990,30901,2677,E14000659,Dartford,26941
15834,7567,10100,4120,11588,15272,1906,E14000672,Dudley South,15203
28158,12462,13541,3932,16998,47769,5141,E14000679,East Ham,38953
11219,7377,12257,3907,14881,33328,1978,E14000680,East Hampshire,18104
16783,10140,13386,5292,15569,27001,3004,E14000684,Eastbourne,18069
14620,6351,8546,3029,10497,37739,2669,E14000692,Enfield Southgate,19508
18190,9585,11605,3966,13004,31601,2933,E14000696,Erith and Thamesmead,27418
11481,8302,12263,5465,16139,27572,2058,E14000699,Fareham,16915
15086,8898,12603,4937,13985,24219,2227,E14000700,Faversham and Mid Kent,19541
25661,13077,12786,4463,14157,37649,5560,E14000701,Feltham and Heston,30961
11188,7873,11216,4764,17943,31616,2179,E14000702,Filton and Bradley Stoke,19432
14373,5975,9385,2712,11512,53044,3033,E14000703,Finchley and Golders Green,26011
18415,11048,14275,6045,16591,26651,3023,E14000704,Folkestone and Hythe,19131
13879,7983,11983,4933,13530,22527,2021,E14000705,Forest of Dean,14700
11801,6926,10390,4726,13163,26043,1895,E14000706,Fylde,13584
14758,8452,11954,5515,14736,23730,2155,E14000707,Gainsborough,16444
18933,8080,11035,4196,13269,25015,1751,E14000708,Garston and Halewood,19011
17747,7522,9983,4975,12092,20606,1945,E14000709,Gateshead,16795
13849,7588,10900,4734,14379,24311,1960,E14000710,Gedling,16966
15342,10048,13034,5227,15227,20720,2476,E14000711,Gillingham and Rainham,20239
18490,11512,15043,5958,18294,26904,2773,E14000712,Gloucester,23907
13462,9578,12353,5322,15606,20987,2261,E14000713,Gosport,16701
16022,9806,14023,6077,16561,27343,2514,E14000714,Grantham and Stamford,20438
17186,10086,12846,4954,13962,22572,2948,E14000715,Gravesham,22346
21926,10744,12935,5971,13209,15091,2843,E14000717,Great Yarmouth,17029
15334,7132,9600,3043,13457,58331,2771,E14000718,Greenwich and Woolwich,26126
18609,6619,9036,2566,11739,54106,2783,E14000720,Hackney North and Stoke Newington,28755
17274,8155,11268,4244,12888,18633,2158,E14000722,Halesowen and Rowley Regis,17960
18367,8599,11927,5223,14276,21670,2226,E14000723,Halifax,21769
11096,6944,10351,5268,13333,26946,1986,E14000724,Haltemprice and Howden,14542
16643,9326,13243,4473,14550,18732,2010,E14000725,Halton,18540
12856,5567,7604,2495,13139,55345,2970,E14000726,Hammersmith,17853
12499,5174,7499,2170,11506,65082,2839,E14000727,Hampstead and Kilburn,21916
14526,8342,11772,5172,15993,31645,2297,E14000728,Harborough,19658
17089,10799,13067,4691,13730,20579,2480,E14000729,Harlow,21939
11901,7266,12035,4628,13895,35333,2148,E14000730,Harrogate and Knaresborough,17533
18307,7850,9696,2950,11134,36759,3109,E14000731,Harrow East,21380
17286,7076,10963,5205,13776,18526,1854,E14000733,Hartlepool,17652
14451,9092,12311,5030,14565,22310,2280,E14000734,Harwich and North Essex,15752
18228,10074,13578,4784,15250,26049,2588,E14000735,Hastings and Rye,18740
15920,8851,11987,4817,13664,20890,2108,E14000736,Havant,16768
22147,11287,11392,3960,12851,31283,4519,E14000737,Hayes and Harlington,28961
10412,6315,9362,4617,11082,22861,1592,E14000738,Hazel Grove,14133
13718,9466,12528,4381,14192,28878,2181,E14000739,Hemel Hempstead,22238
21165,8646,12046,5016,13042,19336,2276,E14000740,Hemsworth,18707
19784,8603,11214,3720,14753,52582,4123,E14000741,Hendon,31007
10385,6829,10713,4092,13061,38430,1889,E14000742,Henley,18354
15316,8060,11613,4902,13777,25049,2373,E14000743,Hereford and South Herefordshire,16451
12640,8595,13095,4219,15358,36564,2183,E14000744,Hertford and Stortford,22432
13778,7921,11396,3825,12741,34134,2396,E14000745,Hertsmere,21635
9231,5235,8449,3782,10457,25840,1554,E14000746,Hexham,11852
19022,9075,12574,5585,14897,23462,2276,E14000747,Heywood and Middleton,22495
11307,7063,10412,4578,13751,26922,1627,E14000748,High Peak,15273
8771,5932,9996,2992,11477,40936,1678,E14000749,Hitchin and Harpenden,21877
17827,10065,13788,4602,15072,26500,2676,E14000751,Hornchurch and Upminster,22094
11379,9243,14991,4598,17815,35315,2360,E14000753,Horsham,22291
16999,8128,11054,5649,12928,17418,1847,E14000754,Houghton and Sunderland South,15696
10761,6378,9570,3213,13305,39343,2007,E14000755,Hove,16958
16055,7379,9535,4622,13863,23666,2156,E14000756,Huddersfield,18665
15759,10508,14215,5411,17012,34558,2682,E14000757,Huntingdon,22396
16861,7803,10664,5416,13226,19142,1925,E14000758,Hyndburn,18988
15589,8109,10638,3072,12739,37881,3111,E14000759,Ilford North,24122
21824,10310,12531,3262,15441,44092,4619,E14000760,Ilford South,35271
19542,10846,13027,5626,14924,25182,2885,E14000761,Ipswich,22788
22064,13355,17501,8926,21444,32783,3513,E14000762,Isle of Wight,20873
12545,5217,6613,2072,10657,53072,2020,E14000763,Islington North,17632
12712,5056,6533,2140,11680,50903,2406,E14000764,Islington South and Finsbury,15331
13599,6922,9912,5623,12750,18296,1579,E14000765,Jarrow,15161
15612,7696,10922,4937,13311,25546,1907,E14000766,Keighley,19449
9095,5876,9274,3729,13672,33116,1661,E14000767,Kenilworth and Southam,15523
10694,4252,6554,1795,11567,53865,2754,E14000768,Kensington,15468
15757,9848,13298,5468,14331,23759,2520,E14000769,Kettering,20840
12956,7014,10296,3506,15651,48779,2793,E14000770,Kingston and Surbiton,23162
19340,8882,11109,5380,12428,13765,2250,E14000771,Kingston upon Hull East,18160
18478,8386,10641,4966,15694,19648,2511,E14000772,Kingston upon Hull North,20642
18255,8091,10174,5232,11833,17150,2541,E14000773,Kingston upon Hull West and Hessle,16944
24500,9539,12675,4885,15167,20405,1970,E14000775,Knowsley,22263
12602,6238,9014,3887,18285,24629,1795,E14000776,Lancaster and Fleetwood,14028
24866,10938,12564,5270,27914,38006,3557,E14000777,Leeds Central,28772
20833,9447,10908,4824,12052,20134,2458,E14000778,Leeds East,24232
11310,5871,8181,2748,10150,37056,1638,E14000779,Leeds North East,19226
8424,4523,7267,2865,19511,31107,1355,E14000780,Leeds North West,12291
17389,8482,10301,4623,13554,24081,1967,E14000781,Leeds West,18655
23041,9420,11394,3262,21263,31609,3747,E14000783,Leicester South,24527
22052,9808,10888,4367,14253,23157,3500,E14000784,Leicester West,25145
17680,9339,13769,5980,16285,23596,2196,E14000785,Leigh,20271
11648,7492,10717,4012,12438,27709,2059,E14000786,Lewes,14859
14426,7085,9360,2938,11543,39068,2443,E14000787,Lewisham East,22278
12341,6779,9192,2662,11411,44758,2130,E14000788,Lewisham West and Penge,22552
13767,6757,8958,2827,13611,56761,2583,E14000789,Lewisham Deptford,22620
14277,6949,8553,2853,10781,40604,2955,E14000790,Leyton and Wanstead,20711
13626,8054,11385,4426,14231,28140,2045,E14000791,Lichfield,16719
16641,9447,12741,5610,24848,26439,2547,E14000792,Lincoln,19098
18355,6451,8594,3175,29902,41580,2300,E14000793,Liverpool Riverside,14988
21371,8250,10533,4024,12679,16873,2073,E14000794,Liverpool Walton,17509
15592,6255,8161,3086,15372,25789,1662,E14000795,Liverpool Wavertree,16200
19666,7720,10330,4102,12719,19384,1830,E14000796,Liverpool West Derby,19028
20112,9628,13012,6122,14652,20007,2635,E14000798,Louth and Horncastle,14550
13325,7031,10747,4265,12049,23839,2032,E14000799,Ludlow,12084
22186,10852,11747,4833,13851,28334,3969,E14000801,Luton South,27733
10883,6526,10705,4263,13170,32372,1694,E14000802,Macclesfield,15959
10664,6918,10756,3541,12928,39974,2043,E14000803,Maidenhead,21123
15414,9702,13892,5323,15929,28979,2664,E14000804,Maidstone and The Weald,21262
17171,8407,12982,6152,14810,20209,1998,E14000805,Makerfield,17957
21938,8729,11593,4131,25584,53470,3349,E14000807,Manchester Central,27507
19976,7588,9524,2833,19624,30942,3063,E14000808,Manchester Gorton,26682
10268,4506,6714,1948,15521,43187,1510,E14000809,Manchester Withington,16612
21910,10542,13216,5898,15853,19902,2849,E14000810,Mansfield,20312
11708,7526,11690,4798,14892,28863,2056,E14000811,Meon Valley,16662
17597,9349,13479,4285,14810,29767,2221,E14000812,Meriden,23090
12791,9268,14173,5720,18445,36001,2176,E14000813,Mid Bedfordshire,24439
10577,6341,9402,5012,12408,24784,1596,E14000814,Mid Derbyshire,13822
10272,7409,11014,4791,12765,21996,1879,E14000815,Mid Dorset and North Poole,14279
18652,10476,14697,6166,16174,23721,2739,E14000816,Mid Norfolk,18748
11012,8694,14126,4289,16971,36195,2385,E14000817,Mid Sussex,21981
16435,9371,12428,5215,14981,28635,2550,E14000818,Mid Worcestershire,18129
19685,7686,10081,4476,12973,19220,2061,E14000819,Middlesbrough,20891
17292,11699,15542,5239,17367,39963,3254,E14000821,Milton Keynes North,29603
18285,12723,16469,5238,18004,40582,3174,E14000822,Milton Keynes South,32626
16906,8493,10055,3839,12736,36050,3238,E14000823,Mitcham and Morden,22654
9734,6798,10908,3539,12454,34964,1866,E14000824,Mole Valley,16393
13723,7548,10561,5110,13770,20985,1978,E14000825,Morecambe and Lunesdale,15626
15701,8661,12468,5764,15178,25681,2111,E14000826,Morley and Outwood,19060
11885,7195,10659,4951,12233,23955,2235,E14000828,New Forest West,11893
14991,8522,12236,5291,15402,28487,2306,E14000829,Newark,17324
18930,6999,8437,3537,15484,27263,2284,E14000831,Newcastle upon Tyne Central,20822
14641,7472,10004,5019,12637,27602,1928,E14000833,Newcastle upon Tyne North,18283
14546,6902,9911,4801,15149,20969,1699,E14000834,Newcastle-under-Lyme,14710
12752,8364,12005,5418,14059,24040,2232,E14000835,Newton Abbot,14647
25112,10675,14836,6294,15885,20670,2555,E14000836,Normanton Pontefract and Castleford,22238
13608,8651,12408,5150,13904,21568,2103,E14000837,North Cornwall,15631
12657,8606,12842,5425,14991,25531,2255,E14000839,North Dorset,15927
15226,7672,10944,5007,13283,18432,1812,E14000840,North Durham,14957
13603,9870,14770,5743,18008,35216,2156,E14000841,North East Bedfordshire,24518
24683,12666,15467,6649,16475,20412,3361,E14000842,North East Cambridgeshire,21132
15231,8292,11273,5384,13971,21354,1909,E14000843,North East Derbyshire,15210
9082,7134,11850,3799,15083,36501,1903,E14000844,North East Hampshire,20556
12121,8417,11872,4149,13656,31142,1993,E14000845,North East Hertfordshire,19439
11810,7397,11493,4860,15026,27953,1841,E14000846,North East Somerset,17984
12999,6922,10571,4356,12796,26371,2028,E14000847,North Herefordshire,13450
15185,8552,11322,5274,11844,19832,2370,E14000848,North Norfolk,11241
16365,9403,14316,5782,16209,27644,2471,E14000849,North Shropshire,17965
10629,7464,11979,4690,14639,33488,2000,E14000850,North Somerset,18277
16654,12554,16185,6030,16842,25362,2914,E14000851,North Swindon,24679
17728,9635,12167,5229,14174,20723,2518,E14000852,North Thanet,17173
17569,9021,13072,6585,15408,24826,2191,E14000853,North Tyneside,18969
18987,12561,17313,6340,20431,34967,3190,E14000855,North West Cambridgeshire,29027
15240,7348,11286,5100,14611,22001,1962,E14000856,North West Durham,16349
13433,9624,13886,5061,17535,31112,2366,E14000857,North West Hampshire,21517
15813,8570,12133,5566,16173,25818,2092,E14000858,North West Leicestershire,18540
19240,10139,12426,5264,13088,19545,2747,E14000859,North West Norfolk,16235
10850,8083,12175,4455,14926,29705,1845,E14000860,North Wiltshire,17839
18264,9794,11457,4990,13815,24602,3073,E14000862,Northampton South,20832
14005,7578,9930,3620,20324,32771,2140,E14000864,Norwich South,15555
16238,7264,9283,3315,22114,28057,2389,E14000865,Nottingham East,18907
20676,9165,11474,4302,11810,16664,2374,E14000866,Nottingham North,22895
17511,9414,12070,4906,13799,20484,2156,E14000868,Nuneaton,19145
12468,7858,11025,3994,13060,22451,2091,E14000869,Old Bexley and Sidcup,16739
19422,8839,11505,5463,13922,22564,2451,E14000870,Oldham East and Saddleworth,24440
22804,9899,11860,5081,13716,19449,2439,E14000871,Oldham West and Royton,26776
11474,7333,11042,3498,11587,27750,2038,E14000872,Orpington,18104
15517,7495,8701,3441,24281,48993,2749,E14000873,Oxford East,20280
10556,6353,9144,3771,12934,44882,2027,E14000874,Oxford West and Abingdon,18369
18639,8006,9740,4852,12521,19085,2379,E14000875,Pendle,20535
12733,7098,10215,4863,12196,22944,1687,E14000877,Penrith and The Border,12691
25919,13387,14271,5757,14304,24024,4238,E14000878,Peterborough,29248
16336,8575,11655,6253,14892,17125,1992,E14000879,Plymouth Moor View,18516
14711,8421,12142,5557,22654,29471,2166,E14000880,Plymouth Sutton and Devonport,17534
13868,8429,12161,5191,14184,26812,2377,E14000881,Poole,16995
20752,9162,11333,2976,16962,70248,3894,E14000882,Poplar and Limehouse,31959
15796,8815,11937,5297,14816,21308,2242,E14000883,Portsmouth North,19922
13970,7618,10468,3796,22480,29882,2396,E14000884,Portsmouth South,17261
17408,7768,10026,4036,14442,20509,2531,E14000885,Preston,19228
8633,4093,6271,1910,9972,49828,2212,E14000887,Putney,17869
15635,10640,14420,5224,15314,18827,2419,E14000888,Rayleigh and Wickford,17605
13076,7932,10004,3687,18086,43360,2640,E14000889,Reading East,21776
15975,9922,11735,4770,13535,31001,2827,E14000890,Reading West,22631
16315,7270,10078,5535,13670,16662,1905,E14000891,Redcar,15977
15257,8631,11724,4415,12980,20201,2192,E14000892,Redditch,17649
11015,7407,11845,3452,13548,36096,2146,E14000893,Reigate,21957
12291,7427,11569,6122,15537,31029,1790,E14000894,Ribble Valley,17294
13580,8079,12306,6001,15980,30787,2078,E14000895,Richmond Yorks,16207
7999,4229,7970,1993,10662,61093,2076,E14000896,Richmond Park,25390
21627,9339,11985,4979,14570,22778,2780,E14000897,Rochdale,26331
17538,10975,14634,5596,16813,25335,2699,E14000898,Rochester and Strood,23058
17844,10821,13789,4298,14823,21360,2560,E14000899,Rochford and Southend East,20377
10208,6331,9376,3716,15527,29780,1924,E14000901,Romsey and Southampton North,15065
14731,7839,11547,5234,14707,24933,1812,E14000902,Rossendale and Darwen,18620
16277,8875,12444,5520,14434,21239,2108,E14000903,Rother Valley,18132
19977,8728,11105,4725,11276,14798,2072,E14000904,Rotherham,17936
14462,8715,12361,5780,14490,29344,2602,E14000905,Rugby,20688
10623,6128,9135,3181,10783,39210,2062,E14000906,Ruislip Northwood and Pinner,19183
12182,7564,11147,3884,17895,35770,2459,E14000907,Runnymede and Weybridge,20125
9834,5723,9775,3660,14158,38517,1743,E14000908,Rushcliffe,18283
13386,9084,14683,4762,16497,34263,2148,E14000910,Saffron Walden,23024
19423,8618,12016,5202,19535,41485,2620,E14000911,Salford and Eccles,20274
11889,7887,11501,4128,14610,30468,2093,E14000912,Salisbury,17695
16602,8218,11648,6486,13911,22904,2266,E14000913,Scarborough and Whitby,15149
17441,9057,11185,5159,12042,15742,2515,E14000914,Scunthorpe,17479
14803,6908,10350,4552,13255,18878,1808,E14000915,Sedgefield,15107
11735,6592,9736,4349,12396,25026,1797,E14000916,Sefton Central,13238
13345,8535,12595,5487,15507,29107,1970,E14000917,Selby and Ainsty,19262
12137,7403,11260,3692,12024,29592,1877,E14000918,Sevenoaks,19645
6703,4220,7395,2913,13554,37389,1367,E14000922,Sheffield Hallam,15198
16177,7863,9917,4868,11587,23004,1868,E14000923,Sheffield Heeley,17756
17449,9240,12445,5499,15745,22677,2163,E14000924,Sherwood,18968
12600,7475,10491,4845,13443,29086,1856,E14000925,Shipley,17626
13656,8393,13463,5719,15900,31803,2300,E14000926,Shrewsbury and Atcham,18453
22265,12598,15561,6300,17242,21147,2977,E14000927,Sittingbourne and Sheppey,24591
12485,7443,11597,5400,14439,31966,1940,E14000928,Skipton and Ripon,15766
16590,10035,14976,6460,19462,30457,2603,E14000929,Sleaford and North Hykeham,20194
13045,7274,11212,3784,13456,32079,2142,E14000931,Solihull,18649
14378,8927,13502,5551,16200,31675,2309,E14000932,Somerton and Frome,18847
18402,10932,13816,4495,14078,18275,2432,E14000933,South Basildon and East Thurrock,20779
11207,7385,11518,4232,14547,49232,2055,E14000934,South Cambridgeshire,24330
13922,8596,12843,5439,16365,27668,2121,E14000935,South Derbyshire,20254
13324,9042,12103,5673,14488,22746,2353,E14000936,South Dorset,14022
14109,8420,12024,5482,14540,40143,2332,E14000937,South East Cambridgeshire,21871
12742,7835,11633,5609,13987,23754,1943,E14000938,South East Cornwall,13854
21131,11190,14351,6350,14952,19402,3512,E14000939,South Holland and The Deepings,18593
14822,9074,13240,6263,16769,27557,2154,E14000940,South Leicestershire,20478
13362,10167,15360,5344,18391,36591,2351,E14000942,South Northamptonshire,24970
13084,7718,11505,5763,15249,27079,2059,E14000943,South Ribble,16795
14310,6844,9484,5210,11944,16765,1730,E14000944,South Shields,14110
15886,8333,11603,5168,14146,23286,2225,E14000945,South Staffordshire,14732
14152,9010,12691,4994,14037,23981,2194,E14000946,South Suffolk,15514
15776,11781,14082,4920,13749,26858,3445,E14000947,South Swindon,21580
16976,9203,11675,4929,13579,23204,2565,E14000948,South Thanet,17491
15428,10409,13534,5506,16043,28532,2596,E14000949,South West Bedfordshire,22931
10551,6963,11191,5891,15391,25631,1809,E14000950,South West Devon,16219
11002,7120,11563,3602,13162,40539,2034,E14000951,South West Hertfordshire,21644
21659,11056,13899,5992,15271,20572,3096,E14000952,South West Norfolk,18890
9798,6232,11052,3367,13349,41462,1974,E14000953,South West Surrey,21062
14336,9659,13514,5168,15970,25878,2292,E14000954,South West Wiltshire,17910
17796,8853,11423,4144,10813,13700,2067,E14000716,Great Grimsby,17355
10189,6179,10118,3338,18697,41983,2189,E14000719,Guildford,18659
16434,6163,8413,2372,12432,55618,2578,E14000721,Hackney South and Shoreditch,20923
14922,7513,9557,2942,12103,43416,3025,E14000732,Harrow West,23467
14057,6144,8365,2288,18157,56352,2962,E14000750,Holborn and St Pancras,18305
13761,5496,8163,2576,11395,59229,2485,E14000752,Hornsey and Wood Green,21497
11954,8258,11324,5525,14450,21124,1778,E14000774,Kingswood,16985
32599,11922,11671,3395,11344,23136,5185,E14000782,Leicester East,27885
13321,7670,10635,4955,23176,29964,2156,E14000797,Loughborough,17266
18356,9368,11001,3932,12044,24943,3102,E14000800,Luton North,26005
14512,9422,12925,4890,14037,20650,2167,E14000806,Maldon,15712
16014,7248,10774,5721,14632,22248,2026,E14000820,Middlesbrough South and East Cleveland,17307
12066,8081,11343,5445,14136,22425,2135,E14000827,New Forest East,15148
13152,9016,13207,4620,15404,34206,2158,E14000830,Newbury,21671
12661,5259,7450,3388,24647,31198,1613,E14000832,Newcastle upon Tyne East,12570
17751,9166,11778,4703,13269,18148,2081,E14000854,North Warwickshire,16773
15872,8692,10404,4630,11905,20447,2705,E14000861,Northampton North,18543
15186,8811,11452,5219,13018,20259,2175,E14000863,Norwich North,15963
14641,6667,9087,3218,32312,30952,2321,E14000867,Nottingham South,17507
14041,7247,10262,5573,12940,22445,1897,E14000876,Penistone and Stocksbridge,14614
11324,6846,9794,4721,13151,31265,1638,E14000886,Pudsey,19116
16454,9366,12410,4352,13751,26354,2568,E14000900,Romford,21354
13132,8278,13210,5584,15833,31613,2227,E14000909,Rutland and Melton,18177
13644,5751,7614,2753,26825,43321,2046,E14000919,Sheffield Central,15866
19035,8690,10593,5516,13042,17345,2072,E14000920,Sheffield South East,17740
23978,10200,11678,5080,11775,18927,2449,E14000921,Sheffield Brightside and Hillsborough,24992
23117,12170,13701,4760,15445,39813,5009,E14000930,Slough,38066
15739,9418,13819,5535,16106,29994,2301,E14000941,South Norfolk,19285
15737,9217,12397,5589,18156,26273,2610,E14000955,Southampton Itchen,20082
16187,8520,10926,4532,17100,30171,2809,E14000956,Southampton Test,20287
13794,8538,11759,3938,13013,21405,2099,E14000957,Southend West,17079
14107,7852,10878,4823,13671,24704,2258,E14000958,Southport,14691
14012,9231,12028,4367,13227,27996,2501,E14000959,Spelthorne,19594
9079,5838,9402,2975,10983,41988,1802,E14000960,St Albans,21756
15877,9760,14342,6135,16957,23941,2355,E14000961,St Austell and Newquay,18360
17470,8449,12059,5505,14287,22138,2146,E14000962,St Helens North,18115
19005,9027,12730,5193,15079,23447,2111,E14000963,St Helens South and Whiston,18843
11435,6885,10873,4594,13173,23257,1954,E14000964,St Ives,13140
13271,7996,11779,4661,14557,27411,2202,E14000965,Stafford,17370
12782,6224,8995,4575,11560,18646,1830,E14000966,Staffordshire Moorlands,11997
15786,8348,11886,5181,14267,20498,2003,E14000967,Stalybridge and Hyde,19387
13175,9940,12104,4234,13580,24850,2047,E14000968,Stevenage,20041
12493,6991,9609,3948,11494,25934,1598,E14000969,Stockport,18227
16211,7839,11270,5281,13457,18959,1912,E14000970,Stockton North,18107
13230,7485,11734,5284,15547,27689,2111,E14000971,Stockton South,20478
17697,7431,9733,4437,12693,16711,2086,E14000972,Stoke-on-Trent Central,17386
21134,9036,12152,5749,12774,16202,2188,E14000973,Stoke-on-Trent North,20278
18619,8091,11031,5225,12048,15722,1903,E14000974,Stoke-on-Trent South,18102
12251,6622,10188,4484,12622,25191,1793,E14000975,Stone,13352
15702,7724,11264,4277,12829,20423,2103,E14000976,Stourbridge,16039
12775,5909,7872,2720,11399,56394,2361,E14000978,Streatham,19083
13939,7765,10988,4248,13251,28993,2093,E14000979,Stretford and Urmston,20492
15677,9798,12910,5637,14225,26957,2604,E14000981,Suffolk Coastal,15202
17969,7908,10930,5625,13763,22841,2117,E14000982,Sunderland Central,16264
12240,8801,12908,4294,15355,34600,2352,E14000983,Surrey Heath,20356
11863,7205,10262,3694,12820,35155,2415,E14000984,Sutton and Cheam,21541
11649,6468,10172,3621,12651,32540,1839,E14000985,Sutton Coldfield,17745
16723,9938,13161,4307,14316,19429,2176,E14000986,Tamworth,17895
9744,5790,9518,3466,11517,31774,1659,E14000987,Tatton,15783
15503,9491,15617,5888,17692,33818,2812,E14000988,Taunton Deane,21683
17179,9638,13031,4525,14576,19276,2298,E14000989,Telford,21391
12706,8933,13440,5330,16209,32356,2338,E14000990,Tewkesbury,20260
11913,7719,12038,4207,14176,35131,2089,E14000991,The Cotswolds,16768
14714,8421,12561,4485,16448,24743,2312,E14000992,The Wrekin,18334
15077,8082,12196,5899,14098,28851,2109,E14000993,Thirsk and Malton,15394
10650,7865,11419,4853,14047,25493,1846,E14000994,Thornbury and Yate,16641
21847,11992,14864,4614,15544,28217,3331,E14000995,Thurrock,31021
15472,9316,13546,5801,15488,26511,2491,E14000996,Tiverton and Honiton,17091
12552,8520,13101,4253,14364,30728,2126,E14000997,Tonbridge and Malling,21759
9352,4313,6205,1888,10479,55430,2060,E14000998,Tooting,17560
17325,10091,13313,6345,14889,21864,2587,E14000999,Torbay,16520
15165,9352,13252,6140,14988,25677,2420,E14001000,Torridge and West Devon,15569
11833,7364,10643,4875,12445,25573,2106,E14001001,Totnes,13233
26160,9236,10232,4205,13865,45041,4159,E14001002,Tottenham,26741
10839,6716,11518,4592,16879,31683,1851,E14001003,Truro and Falmouth,15422
11299,7342,12024,3526,13162,35105,2130,E14001004,Tunbridge Wells,20838
9336,5280,9082,2568,12281,53799,1935,E14001005,Twickenham,23491
12399,7004,11228,5188,13561,31549,1911,E14001006,Tynemouth,18486
14361,8245,10589,3921,15387,34313,2837,E14001007,Uxbridge and South Ruislip,22622
13935,6131,7594,2474,12792,60972,2542,E14001008,Vauxhall,15664
18921,8996,11995,5502,13033,21238,2384,E14001009,Wakefield,18782
14036,7823,11243,4404,13559,19218,1799,E14001010,Wallasey,16360
22896,9644,11285,4296,11909,15385,2528,E14001011,Walsall North,22479
21641,9059,11294,3621,12062,20732,2904,E14001012,Walsall South,24737
17009,7724,9029,2838,11832,45342,3104,E14001013,Walthamstow,25539
13768,6731,10167,4642,12798,19051,1759,E14001014,Wansbeck,14375
13099,9589,13464,5228,17348,43900,2325,E14001015,Wantage,26394
14946,8709,12196,5136,13914,22549,2231,E14001017,Warrington North,17279
13507,8528,13293,5162,15916,34406,2225,E14001018,Warrington South,20977
11853,6689,9310,3534,15032,39060,1982,E14001019,Warwick and Leamington,18548
16698,8494,11569,5038,11988,15273,1835,E14001020,Washington and Sunderland West,16144
15828,9575,12822,4366,15050,41225,2951,E14001021,Watford,26733
19612,10372,13348,6634,15045,18650,2593,E14001022,Waveney,17200
12733,9242,14148,4862,16331,30423,2286,E14001023,Wealden,18847
12687,7581,11268,3920,13331,25622,1794,E14001024,Weaver Vale,16666
19934,11786,14121,5941,15462,23278,3043,E14001025,Wellingborough,22252
15842,8920,13920,5508,15702,28051,2284,E14001026,Wells,17303
13279,8549,11836,4130,17817,34597,2563,E14001027,Welwyn Hatfield,21423
20173,9311,13045,5382,14298,17143,2119,E14001028,Wentworth and Dearne,19144
21835,8964,10023,3768,10980,17343,2978,E14001029,West Bromwich East,20535
23664,9344,11145,3919,11625,16212,2793,E14001030,West Bromwich West,22670
12729,8053,12426,5433,14705,30567,2266,E14001031,West Dorset,14822
28993,12469,14541,4687,18785,63360,5337,E14001032,West Ham,35910
14948,7754,11471,4791,18028,24897,2024,E14001033,West Lancashire,16525
22511,10960,14199,6498,15969,26296,3340,E14001034,West Suffolk,22485
12226,7268,11564,4642,13321,31938,2114,E14001035,West Worcestershire,15147
14137,5170,7083,1953,11422,52336,2992,E14001036,Westminster North,16690
10145,6044,9547,4891,12271,27970,1751,E14001037,Westmorland and Lonsdale,11802
15986,9755,14503,5978,17736,27001,2717,E14001038,Weston-Super-Mare,19884
18572,9023,12791,5982,14198,22877,2142,E14001039,Wigan,19305
7703,3875,6456,1913,9051,50362,2096,E14001040,Wimbledon,19761
8812,5724,10159,3277,15645,38564,1754,E14001041,Winchester,18336
10668,7454,11961,3818,13878,38048,2271,E14001042,Windsor,21265
8758,5235,8307,3506,10813,22151,1368,E14001043,Wirral South,12425
13952,9267,12705,4729,14322,21628,2107,E14001045,Witham,17724
13058,8896,12617,5076,16106,35913,2143,E14001046,Witney,20428
11744,7634,11341,3545,13507,39326,2329,E14001047,Woking,22193
9345,7584,12033,3708,15976,44136,2184,E14001048,Wokingham,25066
18837,8514,10679,3919,11357,16638,2419,E14001049,Wolverhampton North East,20276
22234,8798,10841,3722,10760,16435,3095,E14001050,Wolverhampton South East,21051
14717,6898,8937,3290,11056,23647,2441,E14001051,Wolverhampton South West,16572
14869,7892,11506,4558,15703,28872,2207,E14001052,Worcester,18265
13948,6704,9205,5031,11475,17577,1659,E14001053,Workington,13240
17189,8901,12246,5507,14136,24887,2113,E14001054,Worsley and Eccles South,22774
15166,9558,13111,4990,14709,26160,2776,E14001055,Worthing West,15577
14508,8680,11976,4336,14284,34814,2511,E14001056,Wycombe,23915
12158,6846,10828,5137,14075,29706,1900,E14001057,Wyre and Preston North,16347
18419,9053,12683,5610,14402,22057,2339,E14001058,Wyre Forest,17044
17930,8584,11520,4430,13005,28932,2156,E14001059,Wythenshawe and Sale East,25024
16130,10238,14667,7267,17115,26207,2766,E14001060,Yeovil,19439
11908,6407,9415,4148,20001,35671,1716,E14001061,York Central,15425
11045,6395,10137,4884,17409,31078,1869,E14001062,York Outer,15313
10270,4828,8455,3752,9930,18445,1467,W07000041,Ynys Mon,11731
10930,5706,8698,3820,10228,17476,1696,W07000042,Delyn,12041
12443,6942,10788,4611,12518,19733,1989,W07000043,Alyn and Deeside,15343
12508,5395,8921,3684,9130,17376,1859,W07000044,Wrexham,12956
14213,6051,10622,4494,10961,19123,1829,W07000045,Llanelli,15073
10024,4804,9539,3785,10612,24413,1590,W07000046,Gower,13290
11581,4460,7777,3221,14498,23317,1742,W07000047,Swansea West,11818
15699,6285,10046,4519,10942,17104,1895,W07000048,Swansea East,15525
14150,5238,8213,3436,10652,13537,1554,W07000049,Aberavon,12590
9495,3876,6746,2226,22841,32030,2101,W07000050,Cardiff Central,12892
9362,4954,8716,3069,13253,33155,1602,W07000051,Cardiff North,16230
15737,5644,8684,3064,9053,11975,1559,W07000052,Rhondda,12455
15228,6942,10289,3815,11359,17446,1928,W07000053,Torfaen,15631
11347,5773,9574,3650,10995,28773,1803,W07000054,Monmouth,13128
14748,6588,9891,3667,11065,19022,1985,W07000055,Newport East,16948
15313,6597,10481,3637,11467,25239,2153,W07000056,Newport West,18345
7243,3346,6538,2645,10495,18067,1080,W07000057,Arfon,10453
8244,3977,6823,2935,7780,16049,1439,W07000058,Aberconwy,8621
11606,5293,8973,3888,10234,20199,1738,W07000059,Clwyd West,12273
12632,5667,9151,3877,9864,16832,1723,W07000060,Vale of Clwyd,13260
8694,4076,7764,3070,7875,15740,1336,W07000061,Dwyfor Meirionnydd,8971
11771,5633,9007,3508,9535,16823,1474,W07000062,Clwyd South,13019
10403,4787,8219,3210,9303,16171,1429,W07000063,Montgomeryshire,10228
9036,4513,8411,3297,13036,21653,1445,W07000064,Ceredigion,10084
11674,5806,9877,3981,11053,20229,1560,W07000065,Preseli Pembrokeshire,13451
12631,5754,9579,3799,10611,20841,1649,W07000066,Carmarthen West and South Pembrokeshire,12760
11933,4989,9146,3751,9855,20443,1587,W07000067,Carmarthen East and Dinefwr,11936
10913,4908,8529,3658,9822,19679,1508,W07000068,Brecon and Radnorshire,10405
13572,5429,9146,4121,9781,16742,1610,W07000069,Neath,12516
14988,5622,9097,2957,9179,13966,1526,W07000070,Cynon Valley,13289
16965,5957,8881,3438,9335,14269,1651,W07000071,Merthyr Tydfil and Rhymney,13975
15376,5980,8554,3151,8647,11892,1544,W07000072,Blaenau Gwent,11760
13073,6057,10331,3832,11742,23618,1988,W07000073,Bridgend,15119
15858,5779,9392,3366,10027,16562,1584,W07000074,Ogmore,14509
13255,5805,9334,3319,12118,21480,1760,W07000075,Pontypridd,14442
15966,6718,10571,3789,11930,18867,1816,W07000076,Caerphilly,16298
14524,6317,9701,3378,10333,15081,1673,W07000077,Islwyn,13359
13599,7276,12433,4530,14395,29173,2164,W07000078,Vale of Glamorgan,19036
14521,5954,9271,3226,10549,29971,1999,W07000079,Cardiff West,19559
18159,7301,11193,4142,13653,34262,2572,W07000080,Cardiff South and Penarth,22760
14769,10078,14030,5206,16926,35817,2530,E14000538,Aylesbury,25728
13111,6230,8789,5044,11558,17971,1567,E14000647,Copeland,12244
14694,7790,10495,4112,22278,32327,3016,E14000651,Coventry South,18914
14596,9099,12743,5557,14604,23458,2137,E14000838,North Devon,16418
12081,7110,11041,4069,13180,32127,2084,E14000977,Stratford-on-Avon,15532
12043,8077,12481,5100,15517,33985,2034,E14000980,Stroud,18659
22648,8432,10074,3291,11462,20018,3132,E14001016,Warley,24271
8397,4757,7902,3287,9701,21755,1448,E14001044,Wirral West,11670