social,,,,,,,,code,areaName,cx,cy
11676,,,,,,,,E14000530,Aldershot,485390,154700
13462,,,,,,,,E14000531,Aldridge-Brownhills,404909,301833
15374,,,,,,,,E14000532,Altrincham and Sale West,375674,388838
20051,,,,,,,,E14000534,Arundel and South Downs,508731,115375
16788,,,,,,,,E14000535,Ashfield,448781,355341
16995,,,,,,,,E14000536,Ashford,595309,140400
12178,,,,,,,,E14000537,Ashton-under-Lyne,392732,400222
6399,,,,,,,,E14000540,Barking,546948,183997
16516,,,,,,,,E14000543,Barrow and Furness,324404,477863
12160,,,,,,,,E14000544,Basildon and Billericay,568627,192134
13077,,,,,,,,E14000545,Basingstoke,465293,152386
17616,,,,,,,,E14000546,Bassetlaw,467487,384786
12366,,,,,,,,E14000547,Bath,374735,164916
14931,,,,,,,,E14000548,Batley and Spen,420688,425413
8280,,,,,,,,E14000549,Battersea,527732,175487
16080,,,,,,,,E14000550,Beaconsfield,495946,185684
13964,,,,,,,,E14000551,Beckenham,539749,166253
12824,,,,,,,,E14000552,Bedford,505268,249262
5425,,,,,,,,E14000553,Bermondsey and Old Southwark,533646,179242
14810,,,,,,,,E14000554,Berwick-upon-Tweed,404478,615442
20033,,,,,,,,E14000556,Beverley and Holderness,516589,434774
22046,,,,,,,,E14000557,Bexhill and Battle,570841,118784
11743,,,,,,,,E14000558,Bexleyheath and Crayford,550488,175980
10827,,,,,,,,E14000559,Birkenhead,331149,387995
10560,,,,,,,,E14000560,Birmingham Edgbaston,402451,283933
9664,,,,,,,,E14000561,Birmingham Erdington,411042,291996
10674,,,,,,,,E14000563,Birmingham Hodge Hill,413105,288007
6963,,,,,,,,E14000564,Birmingham Ladywood,407123,287902
12266,,,,,,,,E14000565,Birmingham Northfield,402300,278665
11869,,,,,,,,E14000566,Birmingham Perry Barr,406026,291977
11766,,,,,,,,E14000567,Birmingham Selly Oak,406301,280752
11479,,,,,,,,E14000568,Birmingham Yardley,413082,284977
15043,,,,,,,,E14000569,Bishop Auckland,401559,522809
13554,,,,,,,,E14000570,Blackburn,367453,427597
7855,,,,,,,,E14000571,Blackley and Broughton,384912,401930
13973,,,,,,,,E14000572,Blackpool North and Cleveleys,331934,440430
11096,,,,,,,,E14000573,Blackpool South,332355,434069
13065,,,,,,,,E14000575,Blyth Valley,428709,577642
15694,,,,,,,,E14000577,Bolsover,446244,367574
13444,,,,,,,,E14000578,Bolton North East,372820,411506
12376,,,,,,,,E14000579,Bolton South East,372466,406102
15658,,,,,,,,E14000580,Bolton West,365677,408849
11788,,,,,,,,E14000581,Bootle,333650,397237
17327,,,,,,,,E14000582,Boston and Skegness,538321,350312
18289,,,,,,,,E14000583,Bosworth,440887,302148
13250,,,,,,,,E14000584,Bournemouth East,412324,92911
13216,,,,,,,,E14000585,Bournemouth West,407231,94042
11602,,,,,,,,E14000587,Bradford East,417635,435456
11939,,,,,,,,E14000588,Bradford South,416006,429848
10591,,,,,,,,E14000589,Bradford West,412130,433564
11993,,,,,,,,E14000593,Brentford and Isleworth,517017,177210
15247,,,,,,,,E14000594,Brentwood and Ongar,556728,200151
20120,,,,,,,,E14000595,Bridgwater and West Somerset,307682,138255
15638,,,,,,,,E14000596,Brigg and Goole,484706,413990
10743,,,,,,,,E14000598,Brighton Pavilion,531098,108080
12049,,,,,,,,E14000599,Bristol East,362521,172704
13078,,,,,,,,E14000600,Bristol North West,341231,173291
10528,,,,,,,,E14000602,Bristol West,359085,173952
19636,,,,,,,,E14000603,Broadland,614791,321402
11452,,,,,,,,E14000604,Bromley and Chislehurst,543115,169928
17483,,,,,,,,E14000605,Bromsgrove,398941,273981
17519,,,,,,,,E14000608,Buckingham,476170,222360
13051,,,,,,,,E14000609,Burnley,385492,431354
13635,,,,,,,,E14000611,Bury North,378841,413540
14117,,,,,,,,E14000612,Bury South,380100,406363
20180,,,,,,,,E14000613,Bury St Edmunds,597496,265064
17273,,,,,,,,E14000614,Calder Valley,400682,424594
4981,,,,,,,,E14000615,Camberwell and Peckham,534255,176302
16351,,,,,,,,E14000616,Camborne and Redruth,168734,37188
11655,,,,,,,,E14000617,Cambridge,545611,258013
14718,,,,,,,,E14000618,Cannock Chase,401423,312759
16468,,,,,,,,E14000619,Canterbury,615542,156594
16937,,,,,,,,E14000622,Castle Point,580167,185096
18938,,,,,,,,E14000624,Central Suffolk and North Ipswich,620044,262817
18363,,,,,,,,E14000625,Charnwood,458521,311508
11833,,,,,,,,E14000626,Chatham and Aylesford,572913,161627
17112,,,,,,,,E14000627,Cheadle,387734,386024
15392,,,,,,,,E14000628,Chelmsford,571601,205834
9320,,,,,,,,E14000629,Chelsea and Fulham,525991,177272
15997,,,,,,,,E14000630,Cheltenham,394967,221498
15517,,,,,,,,E14000631,Chesham and Amersham,494987,198845
15572,,,,,,,,E14000632,Chesterfield,438349,372440
20973,,,,,,,,E14000633,Chichester,485817,114741
11337,,,,,,,,E14000634,Chingford and Woodford Green,538905,192911
16928,,,,,,,,E14000635,Chippenham,387532,165221
14475,,,,,,,,E14000636,Chipping Barnet,525269,194634
16396,,,,,,,,E14000637,Chorley,359779,418838
20547,,,,,,,,E14000638,Christchurch,411886,98973
8991,,,,,,,,E14000639,Cities of London and Westminster,529634,180444
14716,,,,,,,,E14000640,City of Chester,339512,366214
14131,,,,,,,,E14000641,City of Durham,428199,541126
20993,,,,,,,,E14000642,Clacton,617611,219662
15852,,,,,,,,E14000533,Amber Valley,440412,349347
16994,,,,,,,,E14000539,Banbury,449019,232788
12745,,,,,,,,E14000541,Barnsley Central,434061,409128
13241,,,,,,,,E14000542,Barnsley East,439317,405192
4287,,,,,,,,E14000555,Bethnal Green and Bow,535660,182551
12573,,,,,,,,E14000562,Birmingham Hall Green,409006,282785
14729,,,,,,,,E14000574,Blaydon,418570,559721
19484,,,,,,,,E14000576,Bognor Regis and Littlehampton,496153,101160
13440,,,,,,,,E14000586,Bracknell,483659,165114
15262,,,,,,,,E14000590,Braintree,577146,234056
9043,,,,,,,,E14000591,Brent Central,521378,185195
11728,,,,,,,,E14000592,Brent North,518195,186757
11834,,,,,,,,E14000597,Brighton Kemptown,536551,104259
12544,,,,,,,,E14000601,Bristol South,358454,169642
14214,,,,,,,,E14000606,Broxbourne,533529,204091
16730,,,,,,,,E14000607,Broxtowe,450184,341095
16213,,,,,,,,E14000610,Burton,412907,333472
14876,,,,,,,,E14000620,Carlisle,338762,553178
10701,,,,,,,,E14000621,Carshalton and Wallington,528539,164126
18527,,,,,,,,E14000623,Central Devon,274790,94900
16925,,,,,,,,E14000643,Cleethorpes,516199,412766
13549,,,,,,,,E14000644,Colchester,599370,225326
18638,,,,,,,,E14000645,Colne Valley,409597,410475
19219,,,,,,,,E14000646,Congleton,379592,362784
12595,,,,,,,,E14000649,Coventry North East,436341,280786
14574,,,,,,,,E14000650,Coventry North West,430304,281551
10940,,,,,,,,E14000652,Crawley,527384,137909
17551,,,,,,,,E14000653,Crewe and Nantwich,371373,351847
11296,,,,,,,,E14000654,Croydon Central,535964,164915
10929,,,,,,,,E14000655,Croydon North,532039,168432
14766,,,,,,,,E14000656,Croydon South,532272,160856
10280,,,,,,,,E14000657,Dagenham and Rainham,551726,183520
16498,,,,,,,,E14000660,Daventry,466117,268115
12560,,,,,,,,E14000661,Denton and Reddish,391598,395545
13399,,,,,,,,E14000662,Derby North,434463,336273
12057,,,,,,,,E14000663,Derby South,436389,332555
17300,,,,,,,,E14000664,Derbyshire Dales,421988,357452
14317,,,,,,,,E14000665,Devizes,415745,160863
16348,,,,,,,,E14000666,Dewsbury,422161,414534
16129,,,,,,,,E14000667,Don Valley,463011,401266
14475,,,,,,,,E14000668,Doncaster Central,460541,404812
14277,,,,,,,,E14000669,Doncaster North,457159,410319
16882,,,,,,,,E14000670,Dover,630258,147443
11925,,,,,,,,E14000671,Dudley North,392895,291517
7472,,,,,,,,E14000673,Dulwich and West Norwood,532642,173384
10876,,,,,,,,E14000674,Ealing Central and Acton,519401,181301
10814,,,,,,,,E14000675,Ealing North,514390,183182
8585,,,,,,,,E14000676,Ealing Southall,513996,179888
12145,,,,,,,,E14000677,Easington,441569,542677
21687,,,,,,,,E14000678,East Devon,304853,91537
16753,,,,,,,,E14000681,East Surrey,536439,148997
16531,,,,,,,,E14000682,East Worthing and Shoreham,518395,106114
20649,,,,,,,,E14000683,East Yorkshire,496423,456235
15904,,,,,,,,E14000685,Eastleigh,447851,114327
16589,,,,,,,,E14000686,Eddisbury,356255,356963
8988,,,,,,,,E14000687,Edmonton,534920,193969
14878,,,,,,,,E14000688,Ellesmere Port and Neston,338125,376023
18366,,,,,,,,E14000689,Elmet and Rothwell,439446,437706
9386,,,,,,,,E14000690,Eltham,542934,174894
10156,,,,,,,,E14000691,Enfield North,532920,198397
13806,,,,,,,,E14000693,Epping Forest,542829,199994
16553,,,,,,,,E14000694,Epsom and Ewell,520996,160429
15175,,,,,,,,E14000695,Erewash,446424,336204
15645,,,,,,,,E14000697,Esher and Walton,512846,163273
13709,,,,,,,,E14000698,Exeter,292725,92911
17860,,,,,,,,E14000699,Fareham,454329,106574
15348,,,,,,,,E14000700,Faversham and Mid Kent,589887,155074
9768,,,,,,,,E14000701,Feltham and Heston,510761,174554
13655,,,,,,,,E14000702,Filton and Bradley Stoke,359043,182418
13313,,,,,,,,E14000703,Finchley and Golders Green,525360,188740
20003,,,,,,,,E14000704,Folkestone and Hythe,609400,133627
17374,,,,,,,,E14000705,Forest of Dean,367878,215547
17360,,,,,,,,E14000706,Fylde,339932,432145
18077,,,,,,,,E14000707,Gainsborough,501883,389049
13771,,,,,,,,E14000708,Garston and Halewood,343288,384949
9993,,,,,,,,E14000709,Gateshead,425879,561242
16002,,,,,,,,E14000710,Gedling,461055,343618
13743,,,,,,,,E14000711,Gillingham and Rainham,580444,167312
15552,,,,,,,,E14000712,Gloucester,383155,216391
15608,,,,,,,,E14000713,Gosport,458278,101545
17781,,,,,,,,E14000714,Grantham and Stamford,502522,325492
13018,,,,,,,,E14000715,Gravesham,566790,170159
16978,,,,,,,,E14000717,Great Yarmouth,647812,311004
6394,,,,,,,,E14000718,Greenwich and Woolwich,541070,178148
5921,,,,,,,,E14000720,Hackney North and Stoke Newington,533655,186612
13840,,,,,,,,E14000722,Halesowen and Rowley Regis,396769,285049
13996,,,,,,,,E14000723,Halifax,408492,427064
17885,,,,,,,,E14000724,Haltemprice and Howden,485838,431323
13137,,,,,,,,E14000725,Halton,350149,384037
7232,,,,,,,,E14000726,Hammersmith,522869,179889
10339,,,,,,,,E14000727,Hampstead and Kilburn,525523,184652
18357,,,,,,,,E14000728,Harborough,466858,291876
10646,,,,,,,,E14000729,Harlow,545748,209694
18152,,,,,,,,E14000730,Harrogate and Knaresborough,434469,459359
11980,,,,,,,,E14000731,Harrow East,516551,191599
12761,,,,,,,,E14000733,Hartlepool,448213,530499
18090,,,,,,,,E14000734,Harwich and North Essex,605618,225716
16916,,,,,,,,E14000735,Hastings and Rye,587396,116865
15367,,,,,,,,E14000736,Havant,471632,104235
8304,,,,,,,,E14000737,Hayes and Harlington,508192,178390
14957,,,,,,,,E14000738,Hazel Grove,395156,389096
11882,,,,,,,,E14000739,Hemel Hempstead,504847,210770
14499,,,,,,,,E14000740,Hemsworth,441796,415842
11295,,,,,,,,E14000741,Hendon,521565,191458
17910,,,,,,,,E14000742,Henley,463859,197492
16835,,,,,,,,E14000743,Hereford and South Herefordshire,344279,231051
15719,,,,,,,,E14000744,Hertford and Stortford,540952,214909
13227,,,,,,,,E14000745,Hertsmere,518902,199041
15215,,,,,,,,E14000746,Hexham,384724,573994
14726,,,,,,,,E14000747,Heywood and Middleton,385849,411231
16367,,,,,,,,E14000748,High Peak,408443,386259
14974,,,,,,,,E14000749,Hitchin and Harpenden,515681,220164
15967,,,,,,,,E14000751,Hornchurch and Upminster,556065,188298
17644,,,,,,,,E14000753,Horsham,519521,130605
12992,,,,,,,,E14000754,Houghton and Sunderland South,435301,550876
11881,,,,,,,,E14000755,Hove,526919,106858
12435,,,,,,,,E14000756,Huddersfield,415711,417422
18035,,,,,,,,E14000757,Huntingdon,520795,266584
13599,,,,,,,,E14000758,Hyndburn,375054,428471
11254,,,,,,,,E14000759,Ilford North,544701,190562
10224,,,,,,,,E14000760,Ilford South,544796,187027
13330,,,,,,,,E14000761,Ipswich,617198,243722
28737,,,,,,,,E14000762,Isle of Wight,449754,86499
5832,,,,,,,,E14000763,Islington North,530891,185905
5319,,,,,,,,E14000764,Islington South and Finsbury,531749,183525
11719,,,,,,,,E14000765,Jarrow,433375,562346
16281,,,,,,,,E14000766,Keighley,404976,442301
16133,,,,,,,,E14000767,Kenilworth and Southam,437241,262919
9232,,,,,,,,E14000768,Kensington,525186,180099
14155,,,,,,,,E14000769,Kettering,484011,281432
13435,,,,,,,,E14000770,Kingston and Surbiton,519093,165603
10504,,,,,,,,E14000771,Kingston upon Hull East,512777,430608
9166,,,,,,,,E14000772,Kingston upon Hull North,508658,433028
9383,,,,,,,,E14000773,Kingston upon Hull West and Hessle,505734,427475
13006,,,,,,,,E14000775,Knowsley,343723,395041
13334,,,,,,,,E14000776,Lancaster and Fleetwood,351457,455584
8233,,,,,,,,E14000777,Leeds Central,430847,431539
10583,,,,,,,,E14000778,Leeds East,435554,434825
12776,,,,,,,,E14000779,Leeds North East,430810,439257
11561,,,,,,,,E14000780,Leeds North West,424636,442264
9536,,,,,,,,E14000781,Leeds West,425631,433657
10892,,,,,,,,E14000783,Leicester South,459309,302264
8712,,,,,,,,E14000784,Leicester West,456892,306020
15832,,,,,,,,E14000785,Leigh,366046,399339
17704,,,,,,,,E14000786,Lewes,544055,109626
8308,,,,,,,,E14000787,Lewisham East,539172,173152
8374,,,,,,,,E14000788,Lewisham West and Penge,535905,171126
6113,,,,,,,,E14000789,Lewisham Deptford,536856,176084
8591,,,,,,,,E14000790,Leyton and Wanstead,539530,187509
17981,,,,,,,,E14000791,Lichfield,411427,317868
13230,,,,,,,,E14000792,Lincoln,496133,369894
8345,,,,,,,,E14000793,Liverpool Riverside,335934,389035
9677,,,,,,,,E14000794,Liverpool Walton,337260,394808
10705,,,,,,,,E14000795,Liverpool Wavertree,339402,389705
10815,,,,,,,,E14000796,Liverpool West Derby,340456,393656
22023,,,,,,,,E14000798,Louth and Horncastle,533975,378886
18320,,,,,,,,E14000799,Ludlow,351238,287152
10410,,,,,,,,E14000801,Luton South,509481,220347
17380,,,,,,,,E14000802,Macclesfield,392011,373837
15571,,,,,,,,E14000803,Maidenhead,483911,178394
15145,,,,,,,,E14000804,Maidstone and The Weald,575785,144107
16157,,,,,,,,E14000805,Makerfield,358266,402385
7315,,,,,,,,E14000807,Manchester Central,386403,398398
7132,,,,,,,,E14000808,Manchester Gorton,386524,395066
8796,,,,,,,,E14000809,Manchester Withington,384057,392182
16668,,,,,,,,E14000810,Mansfield,455363,364067
17041,,,,,,,,E14000811,Meon Valley,460848,118118
17233,,,,,,,,E14000812,Meriden,419731,279181
17031,,,,,,,,E14000813,Mid Bedfordshire,504037,237783
16944,,,,,,,,E14000814,Mid Derbyshire,438677,340953
15907,,,,,,,,E14000815,Mid Dorset and North Poole,393591,94281
19856,,,,,,,,E14000816,Mid Norfolk,598388,309713
17304,,,,,,,,E14000817,Mid Sussex,532484,126854
18017,,,,,,,,E14000818,Mid Worcestershire,396402,253784
10413,,,,,,,,E14000819,Middlesbrough,449576,518701
13961,,,,,,,,E14000821,Milton Keynes North,487181,246302
13232,,,,,,,,E14000822,Milton Keynes South,485852,235807
9162,,,,,,,,E14000823,Mitcham and Morden,527572,168658
16924,,,,,,,,E14000824,Mole Valley,513820,148214
16278,,,,,,,,E14000825,Morecambe and Lunesdale,351000,469109
15360,,,,,,,,E14000826,Morley and Outwood,429542,425745
19176,,,,,,,,E14000828,New Forest West,418043,107698
18352,,,,,,,,E14000829,Newark,475951,359380
8167,,,,,,,,E14000831,Newcastle upon Tyne Central,422533,565563
14117,,,,,,,,E14000833,Newcastle upon Tyne North,420269,569925
13680,,,,,,,,E14000834,Newcastle-under-Lyme,380898,348301
17567,,,,,,,,E14000835,Newton Abbot,288506,73404
15538,,,,,,,,E14000836,Normanton Pontefract and Castleford,444323,422700
17440,,,,,,,,E14000837,North Cornwall,215202,83880
18504,,,,,,,,E14000839,North Dorset,388645,111470
13635,,,,,,,,E14000840,North Durham,423762,551698
17666,,,,,,,,E14000841,North East Bedfordshire,509787,254172
19234,,,,,,,,E14000842,North East Cambridgeshire,542847,294923
17333,,,,,,,,E14000843,North East Derbyshire,436118,372370
15858,,,,,,,,E14000844,North East Hampshire,470444,152960
15169,,,,,,,,E14000845,North East Hertfordshire,533661,227967
16489,,,,,,,,E14000846,North East Somerset,366346,161719
18234,,,,,,,,E14000847,North Herefordshire,351291,252312
20095,,,,,,,,E14000848,North Norfolk,619387,333284
19662,,,,,,,,E14000849,North Shropshire,348179,330340
19567,,,,,,,,E14000850,North Somerset,348285,169321
14964,,,,,,,,E14000851,North Swindon,417477,190706
16908,,,,,,,,E14000852,North Thanet,626132,166441
14472,,,,,,,,E14000853,North Tyneside,428747,569919
18363,,,,,,,,E14000855,North West Cambridgeshire,519275,286747
15627,,,,,,,,E14000856,North West Durham,403460,541993
15999,,,,,,,,E14000857,North West Hampshire,443950,151839
16599,,,,,,,,E14000858,North West Leicestershire,440286,317394
17719,,,,,,,,E14000859,North West Norfolk,570598,328554
15839,,,,,,,,E14000860,North Wiltshire,397074,181418
10460,,,,,,,,E14000862,Northampton South,476237,261092
11580,,,,,,,,E14000864,Norwich South,622784,307613
8199,,,,,,,,E14000865,Nottingham East,458178,341289
9367,,,,,,,,E14000866,Nottingham North,454231,344249
14040,,,,,,,,E14000868,Nuneaton,432702,291827
13509,,,,,,,,E14000869,Old Bexley and Sidcup,547524,172880
16173,,,,,,,,E14000648,Corby,498848,287254
13395,,,,,,,,E14000658,Darlington,428593,515222
13562,,,,,,,,E14000659,Dartford,557568,171607
13037,,,,,,,,E14000672,Dudley South,390947,288323
7523,,,,,,,,E14000679,East Ham,542866,182466
16835,,,,,,,,E14000680,East Hampshire,473650,133034
18283,,,,,,,,E14000684,Eastbourne,559378,100398
12596,,,,,,,,E14000692,Enfield Southgate,529804,195476
8651,,,,,,,,E14000696,Erith and Thamesmead,548107,179129
11541,,,,,,,,E14000716,Great Grimsby,526189,409073
14554,,,,,,,,E14000719,Guildford,501078,144568
4342,,,,,,,,E14000721,Hackney South and Shoreditch,535143,184674
10445,,,,,,,,E14000732,Harrow West,514135,187742
7603,,,,,,,,E14000750,Holborn and St Pancras,528838,184564
11029,,,,,,,,E14000752,Hornsey and Wood Green,529322,189366
13851,,,,,,,,E14000774,Kingswood,366932,172723
11720,,,,,,,,E14000782,Leicester East,461961,305815
14938,,,,,,,,E14000797,Loughborough,455825,319582
11200,,,,,,,,E14000800,Luton North,506804,224207
17119,,,,,,,,E14000806,Maldon,587440,201495
15809,,,,,,,,E14000820,Middlesbrough South and East Cleveland,463875,516081
16973,,,,,,,,E14000827,New Forest East,433892,105837
15586,,,,,,,,E14000830,Newbury,445574,173164
8423,,,,,,,,E14000832,Newcastle upon Tyne East,427225,565724
14827,,,,,,,,E14000854,North Warwickshire,425380,294135
11228,,,,,,,,E14000861,Northampton North,477101,263611
14256,,,,,,,,E14000863,Norwich North,624022,311209
10374,,,,,,,,E14000867,Nottingham South,454782,338209
13919,,,,,,,,E14000870,Oldham East and Saddleworth,398797,406822
12320,,,,,,,,E14000871,Oldham West and Royton,391118,405451
15434,,,,,,,,E14000872,Orpington,544910,163108
10110,,,,,,,,E14000873,Oxford East,453536,205289
16802,,,,,,,,E14000874,Oxford West and Abingdon,448678,205449
14127,,,,,,,,E14000875,Pendle,387762,440997
17757,,,,,,,,E14000877,Penrith and The Border,356200,536605
13491,,,,,,,,E14000878,Peterborough,524822,303916
12436,,,,,,,,E14000879,Plymouth Moor View,247855,59306
11064,,,,,,,,E14000880,Plymouth Sutton and Devonport,247835,55649
16113,,,,,,,,E14000881,Poole,402747,90921
5137,,,,,,,,E14000882,Poplar and Limehouse,537333,180615
12621,,,,,,,,E14000883,Portsmouth North,465038,103784
9339,,,,,,,,E14000884,Portsmouth South,464560,99730
9455,,,,,,,,E14000885,Preston,354260,430174
8219,,,,,,,,E14000887,Putney,523507,174004
18140,,,,,,,,E14000888,Rayleigh and Wickford,585775,193259
11934,,,,,,,,E14000889,Reading East,472723,173840
12598,,,,,,,,E14000890,Reading West,466347,173487
13651,,,,,,,,E14000891,Redcar,457680,522194
12503,,,,,,,,E14000892,Redditch,401020,260656
14196,,,,,,,,E14000893,Reigate,526233,152325
18848,,,,,,,,E14000894,Ribble Valley,369961,444525
19639,,,,,,,,E14000895,Richmond Yorks,417682,496778
14583,,,,,,,,E14000896,Richmond Park,519560,173327
12686,,,,,,,,E14000897,Rochdale,392827,415286
14421,,,,,,,,E14000898,Rochester and Strood,578424,174326
13012,,,,,,,,E14000899,Rochford and Southend East,598066,189476
14137,,,,,,,,E14000901,Romsey and Southampton North,434996,130393
14898,,,,,,,,E14000902,Rossendale and Darwen,376993,420617
16251,,,,,,,,E14000903,Rother Valley,450785,386535
11157,,,,,,,,E14000904,Rotherham,441939,393056
15082,,,,,,,,E14000905,Rugby,445299,280858
14283,,,,,,,,E14000906,Ruislip Northwood and Pinner,508335,189580
14595,,,,,,,,E14000907,Runnymede and Weybridge,502665,166430
17452,,,,,,,,E14000908,Rushcliffe,461808,331568
17111,,,,,,,,E14000910,Saffron Walden,559065,225366
11049,,,,,,,,E14000911,Salford and Eccles,379509,400050
15632,,,,,,,,E14000912,Salisbury,413060,132436
18262,,,,,,,,E14000913,Scarborough and Whitby,486565,499888
12851,,,,,,,,E14000914,Scunthorpe,493705,404380
13294,,,,,,,,E14000915,Sedgefield,431921,524375
17810,,,,,,,,E14000916,Sefton Central,332826,403436
16943,,,,,,,,E14000917,Selby and Ainsty,452873,438629
15007,,,,,,,,E14000918,Sevenoaks,552174,158984
16167,,,,,,,,E14000922,Sheffield Hallam,427391,387420
12426,,,,,,,,E14000923,Sheffield Heeley,436304,383219
16969,,,,,,,,E14000924,Sherwood,461685,358351
16462,,,,,,,,E14000925,Shipley,411750,439525
18652,,,,,,,,E14000926,Shrewsbury and Atcham,347265,308325
16006,,,,,,,,E14000927,Sittingbourne and Sheppey,593313,166940
20257,,,,,,,,E14000928,Skipton and Ripon,402969,465749
21667,,,,,,,,E14000929,Sleaford and North Hykeham,501545,352513
17823,,,,,,,,E14000931,Solihull,413833,280272
20913,,,,,,,,E14000932,Somerton and Frome,361353,133682
12419,,,,,,,,E14000933,South Basildon and East Thurrock,569191,183957
17945,,,,,,,,E14000934,South Cambridgeshire,537684,253624
16388,,,,,,,,E14000935,South Derbyshire,429781,325979
17889,,,,,,,,E14000936,South Dorset,386254,83904
18606,,,,,,,,E14000937,South East Cambridgeshire,556233,265303
18375,,,,,,,,E14000938,South East Cornwall,226278,62630
19169,,,,,,,,E14000939,South Holland and The Deepings,532132,323507
17832,,,,,,,,E14000940,South Leicestershire,454392,291185
17163,,,,,,,,E14000942,South Northamptonshire,465665,247186
17906,,,,,,,,E14000943,South Ribble,344596,421863
11222,,,,,,,,E14000944,South Shields,437782,564536
17461,,,,,,,,E14000945,South Staffordshire,387912,297927
18393,,,,,,,,E14000946,South Suffolk,598236,243700
13004,,,,,,,,E14000947,South Swindon,418264,181514
16701,,,,,,,,E14000948,South Thanet,631487,160647
15139,,,,,,,,E14000949,South West Bedfordshire,498039,222943
16986,,,,,,,,E14000950,South West Devon,259916,55445
16151,,,,,,,,E14000951,South West Hertfordshire,500191,203872
18750,,,,,,,,E14000952,South West Norfolk,575174,298265
16291,,,,,,,,E14000953,South West Surrey,492325,140147
17504,,,,,,,,E14000954,South West Wiltshire,390660,138927
10958,,,,,,,,E14000955,Southampton Itchen,444648,111709
9498,,,,,,,,E14000956,Southampton Test,440396,113800
14038,,,,,,,,E14000957,Southend West,584921,186853
16828,,,,,,,,E14000958,Southport,332831,417449
13980,,,,,,,,E14000959,Spelthorne,506703,170640
13670,,,,,,,,E14000960,St Albans,514653,205018
18522,,,,,,,,E14000961,St Austell and Newquay,195788,56380
15353,,,,,,,,E14000962,St Helens North,352498,398293
15646,,,,,,,,E14000963,St Helens South and Whiston,350635,391954
17059,,,,,,,,E14000964,St Ives,157017,28251
16021,,,,,,,,E14000965,Stafford,391557,319026
16392,,,,,,,,E14000966,Staffordshire Moorlands,401219,355201
12600,,,,,,,,E14000967,Stalybridge and Hyde,397852,397661
11320,,,,,,,,E14000968,Stevenage,524328,221909
10599,,,,,,,,E14000969,Stockport,388975,390501
12307,,,,,,,,E14000970,Stockton North,443736,522015
15419,,,,,,,,E14000971,Stockton South,442817,513593
9851,,,,,,,,E14000972,Stoke-on-Trent Central,388887,346797
13626,,,,,,,,E14000973,Stoke-on-Trent North,386388,352270
13757,,,,,,,,E14000974,Stoke-on-Trent South,390112,342544
17390,,,,,,,,E14000975,Stone,386050,332317
15409,,,,,,,,E14000976,Stourbridge,391446,284365
6850,,,,,,,,E14000978,Streatham,530116,172851
13145,,,,,,,,E14000979,Stretford and Urmston,376829,394502
22093,,,,,,,,E14000981,Suffolk Coastal,637729,260488
13904,,,,,,,,E14000982,Sunderland Central,439308,556542
16234,,,,,,,,E14000983,Surrey Heath,492253,160183
12700,,,,,,,,E14000984,Sutton and Cheam,524791,164399
17158,,,,,,,,E14000985,Sutton Coldfield,412740,295793
14370,,,,,,,,E14000986,Tamworth,417526,305475
15880,,,,,,,,E14000987,Tatton,373928,378057
19786,,,,,,,,E14000988,Taunton Deane,318970,124125
11524,,,,,,,,E14000989,Telford,369302,307269
19399,,,,,,,,E14000990,Tewkesbury,395488,227729
18785,,,,,,,,E14000991,The Cotswolds,405759,211933
14190,,,,,,,,E14000992,The Wrekin,370035,313886
20372,,,,,,,,E14000993,Thirsk and Malton,469630,478551
15714,,,,,,,,E14000994,Thornbury and Yate,369691,184625
10466,,,,,,,,E14000995,Thurrock,560352,179311
20375,,,,,,,,E14000996,Tiverton and Honiton,311281,107534
15272,,,,,,,,E14000997,Tonbridge and Malling,557782,150650
7911,,,,,,,,E14000998,Tooting,527617,172306
17214,,,,,,,,E14000999,Torbay,292124,62262
21170,,,,,,,,E14001000,Torridge and West Devon,246209,98045
18454,,,,,,,,E14001001,Totnes,277482,53649
7112,,,,,,,,E14001002,Tottenham,532989,189635
17232,,,,,,,,E14001003,Truro and Falmouth,182816,46069
14804,,,,,,,,E14001004,Tunbridge Wells,567233,138315
15034,,,,,,,,E14001005,Twickenham,514803,171376
16566,,,,,,,,E14001006,Tynemouth,433413,571135
10929,,,,,,,,E14001007,Uxbridge and South Ruislip,508045,183861
5331,,,,,,,,E14001008,Vauxhall,530581,177126
13203,,,,,,,,E14001009,Wakefield,429980,417164
13232,,,,,,,,E14001010,Wallasey,328482,392075
11316,,,,,,,,E14001011,Walsall North,398880,300894
11518,,,,,,,,E14001012,Walsall South,401917,297334
7368,,,,,,,,E14001013,Walthamstow,536673,189246
13594,,,,,,,,E14001014,Wansbeck,423364,586273
17598,,,,,,,,E14001015,Wantage,440267,190982
14391,,,,,,,,E14001017,Warrington North,363367,392286
17548,,,,,,,,E14001018,Warrington South,361551,386060
13438,,,,,,,,E14001019,Warwick and Leamington,428492,263455
11416,,,,,,,,E14001020,Washington and Sunderland West,432104,557149
13305,,,,,,,,E14001021,Watford,510280,198279
19253,,,,,,,,E14001022,Waveney,642920,288780
19415,,,,,,,,E14001023,Wealden,552124,125934
14559,,,,,,,,E14001024,Weaver Vale,356418,375808
15722,,,,,,,,E14001025,Wellingborough,490959,266506
20472,,,,,,,,E14001026,Wells,347789,148393
11675,,,,,,,,E14001027,Welwyn Hatfield,524176,210018
13962,,,,,,,,E14001028,Wentworth and Dearne,444488,398719
10898,,,,,,,,E14001029,West Bromwich East,401814,293188
9930,,,,,,,,E14001030,West Bromwich West,397634,292497
21871,,,,,,,,E14001031,West Dorset,358525,99028
7172,,,,,,,,E14001032,West Ham,539933,183221
15475,,,,,,,,E14001033,West Lancashire,342502,408895
16643,,,,,,,,E14001034,West Suffolk,577190,269446
19674,,,,,,,,E14001035,West Worcestershire,380076,251388
7335,,,,,,,,E14001036,Westminster North,526372,182217
18128,,,,,,,,E14001037,Westmorland and Lonsdale,348122,490338
17683,,,,,,,,E14001038,Weston-Super-Mare,338855,160940
15220,,,,,,,,E14001039,Wigan,357394,408122
11533,,,,,,,,E14001040,Wimbledon,524132,170120
15462,,,,,,,,E14001041,Winchester,449821,132691
14259,,,,,,,,E14001042,Windsor,493736,172466
13681,,,,,,,,E14001043,Wirral South,331415,381804
14840,,,,,,,,E14001045,Witham,587217,215790
17963,,,,,,,,E14001046,Witney,434140,215574
14230,,,,,,,,E14001047,Woking,497654,156686
15501,,,,,,,,E14001048,Wokingham,470135,167611
10289,,,,,,,,E14001049,Wolverhampton North East,392977,301431
10771,,,,,,,,E14001050,Wolverhampton South East,393865,296072
12199,,,,,,,,E14001051,Wolverhampton South West,389555,298823
14320,,,,,,,,E14001052,Worcester,385601,255395
14992,,,,,,,,E14001053,Workington,317217,543220
12436,,,,,,,,E14001054,Worsley and Eccles South,372909,398540
19802,,,,,,,,E14001055,Worthing West,509957,103295
13008,,,,,,,,E14001056,Wycombe,481331,190499
19291,,,,,,,,E14001057,Wyre and Preston North,348680,440181
18477,,,,,,,,E14001058,Wyre Forest,381220,275697
10764,,,,,,,,E14001059,Wythenshawe and Sale East,381562,388102
19596,,,,,,,,E14001060,Yeovil,342614,113667
12541,,,,,,,,E14001061,York Central,460062,451679
18912,,,,,,,,E14001062,York Outer,461885,451698
13756,,,,,,,,W07000041,Ynys Mon,241754,379134
12524,,,,,,,,W07000042,Delyn,318592,372482
13418,,,,,,,,W07000043,Alyn and Deeside,330549,363616
10421,,,,,,,,W07000044,Wrexham,336469,353444
14262,,,,,,,,W07000045,Llanelli,248821,204660
15148,,,,,,,,W07000046,Gower,255458,195757
10716,,,,,,,,W07000047,Swansea West,262512,193166
11298,,,,,,,,W07000048,Swansea East,267762,196887
10624,,,,,,,,W07000049,Aberavon,280583,192230
8338,,,,,,,,W07000050,Cardiff Central,319427,179040
14166,,,,,,,,W07000051,Cardiff North,317368,182109
12474,,,,,,,,W07000052,Rhondda,297145,195888
11986,,,,,,,,W07000053,Torfaen,326949,200749
16784,,,,,,,,W07000054,Monmouth,339841,208108
10846,,,,,,,,W07000055,Newport East,340720,186427
12245,,,,,,,,W07000056,Newport West,328742,186167
9024,,,,,,,,W07000057,Arfon,256761,361976
11531,,,,,,,,W07000058,Aberconwy,276643,361147
14351,,,,,,,,W07000059,Clwyd West,300159,359262
12252,,,,,,,,W07000060,Vale of Clwyd,305973,372345
13190,,,,,,,,W07000061,Dwyfor Meirionnydd,265350,329537
10979,,,,,,,,W07000062,Clwyd South,323678,341414
12664,,,,,,,,W07000063,Montgomeryshire,303760,304109
14798,,,,,,,,W07000064,Ceredigion,258393,263821
15441,,,,,,,,W07000065,Preseli Pembrokeshire,200063,227112
15233,,,,,,,,W07000066,Carmarthen West and South Pembrokeshire,218484,214420
15340,,,,,,,,W07000067,Carmarthen East and Dinefwr,260137,229591
15434,,,,,,,,W07000068,Brecon and Radnorshire,304106,245996
13226,,,,,,,,W07000069,Neath,278820,204203
11798,,,,,,,,W07000070,Cynon Valley,299640,203114
11592,,,,,,,,W07000071,Merthyr Tydfil and Rhymney,307950,205331
10564,,,,,,,,W07000072,Blaenau Gwent,317711,208267
13656,,,,,,,,W07000073,Bridgend,286356,179872
12303,,,,,,,,W07000074,Ogmore,292446,187405
13125,,,,,,,,W07000075,Pontypridd,306236,186477
16578,,,,,,,,E14000876,Penistone and Stocksbridge,425226,400209
14363,,,,,,,,E14000886,Pudsey,420850,437983
13402,,,,,,,,E14000900,Romford,551029,190517
19211,,,,,,,,E14000909,Rutland and Melton,481671,312634
8686,,,,,,,,E14000919,Sheffield Central,435148,386678
13512,,,,,,,,E14000920,Sheffield South East,440989,385283
11117,,,,,,,,E14000921,Sheffield Brightside and Hillsborough,435582,391139
9795,,,,,,,,E14000930,Slough,497278,180263
20274,,,,,,,,E14000941,South Norfolk,624391,294731
18138,,,,,,,,E14000977,Stratford-on-Avon,419797,252401
18940,,,,,,,,E14000980,Stroud,379587,205223
10104,,,,,,,,E14001016,Warley,400730,287735
13594,,,,,,,,E14001044,Wirral West,322488,387648
15089,,,,,,,,E14000538,Aylesbury,483251,204671
15221,,,,,,,,E14000647,Copeland,314385,509746
13109,,,,,,,,E14000651,Coventry South,432361,277130
18055,,,,,,,,E14000838,North Devon,265875,131758
13043,,,,,,,,W07000076,Caerphilly,315769,190571
11916,,,,,,,,W07000077,Islwyn,319942,196459
16799,,,,,,,,W07000078,Vale of Glamorgan,302168,172801
12161,,,,,,,,W07000079,Cardiff West,311985,179362
12660,,,,,,,,W07000080,Cardiff South and Penarth,320239,175163
