code,areaName,-8,1,2,3,4,5
91934,6141,5461,2483,1141,E14000530,Aldershot,4112
73357,974,672,338,72,E14000531,Aldridge-Brownhills,2237
91387,3853,1823,696,97,E14000532,Altrincham and Sale West,3068
100157,1044,409,184,39,E14000534,Arundel and South Downs,2462
98201,1320,1303,482,72,E14000535,Ashfield,3115
114428,3955,3054,1230,405,E14000536,Ashford,4252
84266,2810,3118,1941,391,E14000537,Ashton-under-Lyne,3447
103726,13496,14321,6574,942,E14000540,Barking,6829
83626,570,431,218,46,E14000543,Barrow and Furness,2546
88889,2491,1678,596,96,E14000544,Basildon and Billericay,3951
104215,5614,3881,1317,303,E14000545,Basingstoke,4166
100515,1578,1942,1006,130,E14000546,Bassetlaw,3241
85502,4348,2172,606,124,E14000547,Bath,2291
98566,2419,2981,2340,431,E14000548,Batley and Spen,3952
95355,12499,5306,1803,272,E14000549,Battersea,4196
95502,3764,1934,591,116,E14000550,Beaconsfield,3125
83944,3640,1699,586,97,E14000551,Beckenham,2809
88419,6766,7234,3737,590,E14000552,Bedford,3855
108353,16998,8491,4046,796,E14000553,Bermondsey and Old Southwark,4080
73067,380,299,194,45,E14000554,Berwick-upon-Tweed,1557
96658,612,361,136,23,E14000556,Beverley and Holderness,2153
100202,1065,605,197,42,E14000557,Bexhill and Battle,2564
82514,4470,2880,1168,184,E14000558,Bexleyheath and Crayford,3398
83627,1434,1239,713,141,E14000559,Birkenhead,3122
83525,5946,4592,2266,430,E14000560,Birmingham Edgbaston,3369
88085,4571,5100,2465,406,E14000561,Birmingham Erdington,4231
99174,7419,9719,8080,1967,E14000563,Birmingham Hodge Hill,6011
101069,12362,13790,9244,1755,E14000564,Birmingham Ladywood,5840
95729,2641,2226,1128,228,E14000565,Birmingham Northfield,3942
86053,6333,8077,6165,1356,E14000566,Birmingham Perry Barr,4453
97256,3899,3373,1448,224,E14000567,Birmingham Selly Oak,3405
95556,5612,6105,3817,775,E14000568,Birmingham Yardley,5098
86329,468,330,150,32,E14000569,Bishop Auckland,2602
92089,4900,6756,4810,1077,E14000570,Blackburn,4766
96087,9480,9967,5999,1058,E14000571,Blackley and Broughton,6319
78052,1086,974,424,69,E14000572,Blackpool North and Cleveleys,2268
74690,1432,1580,597,100,E14000573,Blackpool South,2601
81885,370,355,177,33,E14000575,Blyth Valley,2518
93815,941,1236,791,129,E14000577,Bolsover,3064
86871,3261,4151,2578,530,E14000578,Bolton North East,3693
89324,5133,6984,4352,912,E14000579,Bolton South East,4703
92216,1601,1402,745,127,E14000580,Bolton West,3014
93849,1392,1647,925,150,E14000581,Bootle,3419
91196,4572,5876,4014,756,E14000582,Boston and Skegness,3074
100806,1391,1059,422,65,E14000583,Bosworth,3088
90922,6308,4724,1618,246,E14000584,Bournemouth East,3121
93149,6056,4020,1323,193,E14000585,Bournemouth West,2884
94892,5766,8151,6230,1336,E14000587,Bradford East,5437
92586,2940,3792,2251,407,E14000588,Bradford South,4461
89892,7022,9846,7467,1684,E14000589,Bradford West,5445
103439,17423,12067,4853,758,E14000593,Brentford and Isleworth,5329
91731,2052,970,322,59,E14000594,Brentwood and Ongar,3232
107431,2285,2301,842,169,E14000595,Bridgwater and West Somerset,3264
81544,1248,1564,868,147,E14000596,Brigg and Goole,2297
93015,5555,2769,849,105,E14000598,Brighton Pavilion,2445
90377,4589,3702,1562,250,E14000599,Bristol East,3835
95769,5129,3880,1446,204,E14000600,Bristol North West,3618
118566,9048,6115,2186,359,E14000602,Bristol West,3686
96156,701,484,157,39,E14000603,Broadland,2525
83976,4899,2586,921,135,E14000604,Bromley and Chislehurst,3576
94769,902,366,179,32,E14000605,Bromsgrove,2935
105167,1851,790,246,43,E14000608,Buckingham,3155
83069,2208,3231,2245,486,E14000609,Burnley,3407
82103,2206,2624,1579,357,E14000611,Bury North,2991
92858,2279,1966,1052,188,E14000612,Bury South,3650
110279,1932,1345,429,57,E14000613,Bury St Edmunds,3410
98273,702,491,254,49,E14000614,Calder Valley,2805
103563,8559,6646,4081,753,E14000615,Camberwell and Peckham,4431
90503,963,692,348,51,E14000616,Camborne and Redruth,2885
103773,16845,7212,2020,307,E14000617,Cambridge,3589
95458,762,650,257,53,E14000618,Cannock Chase,3339
103158,4257,2330,779,138,E14000619,Canterbury,2727
85609,654,533,241,47,E14000622,Castle Point,2506
97655,1344,1024,454,61,E14000624,Central Suffolk and North Ipswich,2590
96052,2904,1758,780,145,E14000625,Charnwood,3281
92694,2454,2195,961,155,E14000626,Chatham and Aylesford,4103
88089,2162,1432,664,165,E14000627,Cheadle,2967
101822,4135,2338,855,117,E14000628,Chelmsford,3604
79142,13077,4650,1640,233,E14000629,Chelsea and Fulham,3012
96838,3630,2633,867,117,E14000630,Cheltenham,3043
88943,2910,1410,533,84,E14000631,Chesham and Amersham,2805
88498,963,720,354,68,E14000632,Chesterfield,2638
107674,1920,1315,513,109,E14000633,Chichester,2890
79848,5413,4837,2126,320,E14000634,Chingford and Woodford Green,3432
95956,1401,958,360,46,E14000635,Chippenham,2916
94440,9219,6767,2876,455,E14000636,Chipping Barnet,3756
99483,985,868,422,85,E14000637,Chorley,3167
84324,957,482,168,17,E14000638,Christchurch,1861
73204,16290,6668,2436,348,E14000639,Cities of London and Westminster,2090
92069,2971,1671,750,100,E14000640,City of Chester,2710
92682,2467,1484,412,69,E14000641,City of Durham,2242
87277,641,513,246,46,E14000642,Clacton,2241
89734,704,726,424,61,E14000643,Cleethorpes,2518
108743,5835,3526,1122,199,E14000644,Colchester,4436
104599,1656,1785,1125,232,E14000645,Colne Valley,3547
99612,787,387,177,28,E14000646,Congleton,3047
93845,10124,9663,4943,736,E14000649,Coventry North East,5099
90051,5914,4976,2349,380,E14000650,Coventry North West,3620
96070,8135,6784,2512,412,E14000652,Crawley,4579
100498,3467,4268,2035,349,E14000653,Crewe and Nantwich,3541
102974,8521,5840,2444,372,E14000654,Croydon Central,4728
109111,12723,12200,5676,894,E14000655,Croydon North,6052
103251,6270,3688,1370,238,E14000656,Croydon South,4366
91548,7881,7712,3405,483,E14000657,Dagenham and Rainham,4770
99737,1922,1807,765,110,E14000660,Daventry,3239
81607,1355,1163,633,133,E14000661,Denton and Reddish,2935
90971,4394,3020,1374,342,E14000662,Derby North,3134
91132,7713,8489,5261,1069,E14000663,Derby South,4853
78305,398,251,99,17,E14000664,Derbyshire Dales,1759
97119,1772,1170,314,61,E14000665,Devizes,3383
100481,2609,3421,2619,569,E14000666,Dewsbury,3942
95402,1255,1337,531,97,E14000667,Don Valley,3090
89257,4680,6367,3145,542,E14000668,Doncaster Central,3567
91729,1325,1582,620,103,E14000669,Doncaster North,3477
95254,1767,1363,551,130,E14000670,Dover,3003
77700,1918,2104,1140,226,E14000671,Dudley North,3163
95469,6814,4639,2461,474,E14000673,Dulwich and West Norwood,4020
91485,16137,11234,5021,819,E14000674,Ealing Central and Acton,4517
86149,15751,15698,6647,1107,E14000675,Ealing North,4549
67221,13808,13999,7761,1514,E14000676,Ealing Southall,3697
78114,379,350,161,37,E14000677,Easington,2471
106236,1460,854,281,75,E14000678,East Devon,3009
106810,2623,1303,401,79,E14000681,East Surrey,4083
93184,1886,1229,499,80,E14000682,East Worthing and Shoreham,2746
100208,655,492,271,49,E14000683,East Yorkshire,2681
107344,2225,1284,428,101,E14000685,Eastleigh,3935
93940,865,635,254,56,E14000686,Eddisbury,2812
80011,9909,12890,9071,1577,E14000687,Edmonton,4575
86705,1177,937,425,77,E14000688,Ellesmere Port and Neston,2848
99539,849,474,227,80,E14000689,Elmet and Rothwell,2983
80877,6189,4186,1887,343,E14000690,Eltham,3663
85563,6517,7168,4681,814,E14000691,Enfield North,4247
91726,3582,2414,937,161,E14000693,Epping Forest,3793
100195,4479,2468,960,184,E14000694,Epsom and Ewell,3437
89943,1109,928,324,46,E14000695,Erewash,2823
104303,4372,2257,728,93,E14000697,Esher and Walton,4051
103036,4904,3168,976,150,E14000698,Exeter,2994
95542,1157,600,219,52,E14000699,Fareham,2627
94398,1749,1345,511,131,E14000700,Faversham and Mid Kent,3363
95413,18925,15965,7045,1519,E14000701,Feltham and Heston,5444
93221,4889,3185,1133,156,E14000702,Filton and Bradley Stoke,3627
93624,13056,9714,4396,641,E14000703,Finchley and Golders Green,4615
106863,2482,1867,670,197,E14000704,Folkestone and Hythe,3105
87494,677,560,307,76,E14000705,Forest of Dean,2446
84373,904,641,344,63,E14000706,Fylde,2204
93672,785,491,199,21,E14000707,Gainsborough,2574
93934,1597,1363,703,151,E14000708,Garston and Halewood,3543
82546,2356,2238,1276,291,E14000709,Gateshead,2961
88478,1702,1121,472,62,E14000710,Gedling,2852
92650,2967,2149,942,156,E14000711,Gillingham and Rainham,3448
108775,4232,3813,1684,284,E14000712,Gloucester,4094
91582,933,704,247,44,E14000713,Gosport,2760
104045,2295,2303,825,133,E14000714,Grantham and Stamford,3183
90755,4949,4697,2230,406,E14000715,Gravesham,3862
90758,2166,2328,1362,278,E14000717,Great Yarmouth,2856
103930,13662,8148,3823,753,E14000718,Greenwich and Woolwich,5478
102059,11004,8339,5649,1085,E14000720,Hackney North and Stoke Newington,6077
85003,1601,1662,1035,235,E14000722,Halesowen and Rowley Regis,3042
92489,2542,2822,2013,425,E14000723,Halifax,3766
86839,889,388,174,40,E14000724,Haltemprice and Howden,2136
91881,967,1012,451,72,E14000725,Halton,3134
88027,15078,8152,2785,396,E14000726,Hammersmith,3391
96412,16095,7934,3286,528,E14000727,Hampstead and Kilburn,4430
99268,3815,2142,939,168,E14000728,Harborough,3074
90664,4195,3914,1425,211,E14000729,Harlow,3966
98122,1910,1377,485,69,E14000730,Harrogate and Knaresborough,2776
72007,14469,13821,5929,1041,E14000731,Harrow East,3919
87544,633,658,475,110,E14000733,Hartlepool,2918
91429,1018,588,200,32,E14000734,Harwich and North Essex,2526
101104,2364,1778,678,111,E14000735,Hastings and Rye,3259
90175,1090,698,242,37,E14000736,Havant,2762
83859,15772,14460,6066,1143,E14000737,Hayes and Harlington,5102
76389,855,538,223,47,E14000738,Hazel Grove,2322
95323,4015,2907,980,162,E14000739,Hemel Hempstead,4196
92420,1581,1877,827,135,E14000740,Hemsworth,3393
100993,16611,15177,6230,904,E14000741,Hendon,5871
97320,2080,1072,356,67,E14000742,Henley,2860
88789,2266,2450,1134,186,E14000743,Hereford and South Herefordshire,2717
105078,3561,1953,583,93,E14000744,Hertford and Stortford,3818
93399,5464,3836,1210,192,E14000745,Hertsmere,3726
73909,469,208,83,36,E14000746,Hexham,1696
99257,2303,2373,1161,170,E14000747,Heywood and Middleton,4122
87308,631,324,177,15,E14000748,High Peak,2478
96307,2482,1087,428,68,E14000749,Hitchin and Harpenden,3288
100057,4242,3041,1192,219,E14000751,Hornchurch and Upminster,3873
109568,2753,1410,461,79,E14000753,Horsham,3723
86171,424,277,160,34,E14000754,Houghton and Sunderland South,2653
89366,5073,2856,1235,180,E14000755,Hove,2825
82423,3553,4005,2321,360,E14000756,Huddersfield,3279
110727,3691,2940,1162,171,E14000757,Huntingdon,3850
85355,1476,2147,1489,284,E14000758,Hyndburn,3274
84177,11586,10309,4304,589,E14000759,Ilford North,4296
94565,18341,17876,8624,1305,E14000760,Ilford South,6638
96725,5332,5501,2766,499,E14000761,Ipswich,3997
134738,1388,787,306,70,E14000762,Isle of Wight,3171
86905,10413,5586,2837,517,E14000763,Islington North,3570
82926,12246,5406,2449,353,E14000764,Islington South and Finsbury,3381
80049,607,454,217,58,E14000765,Jarrow,2458
90646,1678,2100,1532,319,E14000766,Keighley,3105
86211,1983,907,244,38,E14000767,Kenilworth and Southam,2564
79183,15443,6842,2310,327,E14000768,Kensington,2843
93964,3514,3277,1240,193,E14000769,Kettering,3636
99446,10041,7142,2918,411,E14000770,Kingston and Surbiton,4199
83900,1654,1603,873,183,E14000771,Kingston upon Hull East,3101
86508,3416,3949,2806,581,E14000772,Kingston upon Hull North,3707
76110,3691,4184,2653,488,E14000773,Kingston upon Hull West and Hessle,3090
103609,1467,1265,610,124,E14000775,Knowsley,4330
82895,2681,1738,651,108,E14000776,Lancaster and Fleetwood,2405
117910,11567,11273,4891,631,E14000777,Leeds Central,5614
87687,4502,4844,2896,575,E14000778,Leeds East,4385
82674,4640,3353,1782,328,E14000779,Leeds North East,3403
80816,2281,1309,692,128,E14000780,Leeds North West,2117
86862,3614,3250,1520,235,E14000781,Leeds West,3569
92541,11251,11121,7317,1904,E14000783,Leicester South,4128
82581,10050,10772,4566,861,E14000784,Leicester West,4340
101675,1602,1472,756,108,E14000785,Leigh,3503
86649,1216,561,198,38,E14000786,Lewes,2273
88238,7270,5913,2759,544,E14000787,Lewisham East,4415
94169,6451,4227,2008,314,E14000788,Lewisham West and Penge,4656
100710,10986,6913,3903,706,E14000789,Lewisham Deptford,4664
78651,9464,9780,4584,666,E14000790,Leyton and Wanstead,4538
94211,820,591,233,37,E14000791,Lichfield,2734
103837,3893,4058,1827,297,E14000792,Lincoln,3459
105903,7261,5906,2795,435,E14000793,Liverpool Riverside,3045
82497,2772,2823,1625,292,E14000794,Liverpool Walton,3306
78374,3810,3832,2615,435,E14000795,Liverpool Wavertree,3052
84403,2499,2550,1638,302,E14000796,Liverpool West Derby,3385
97522,437,370,153,41,E14000798,Louth and Horncastle,2195
82546,450,339,134,22,E14000799,Ludlow,1881
87847,10319,12557,6374,1102,E14000801,Luton South,5305
90675,1364,739,257,37,E14000802,Macclesfield,2502
96229,4929,2353,946,158,E14000803,Maidenhead,3332
98911,4581,4201,1344,314,E14000804,Maidstone and The Weald,3814
94875,740,775,390,49,E14000805,Makerfield,2861
119410,14412,11801,4842,930,E14000807,Manchester Central,4905
87752,9972,10188,6154,1333,E14000808,Manchester Gorton,4833
87312,4855,3263,1543,294,E14000809,Manchester Withington,3002
98681,2771,3670,1653,232,E14000810,Mansfield,3474
93746,991,467,174,36,E14000811,Meon Valley,2781
107491,1886,966,374,81,E14000812,Meriden,3800
114393,2429,1325,395,96,E14000813,Mid Bedfordshire,4374
80400,790,455,192,67,E14000814,Mid Derbyshire,2038
80708,852,492,132,15,E14000815,Mid Dorset and North Poole,2206
104593,1432,1411,773,149,E14000816,Mid Norfolk,3015
106855,2977,1535,542,86,E14000817,Mid Sussex,3659
98932,2098,2504,980,169,E14000818,Mid Worcestershire,3061
83716,3337,3881,2139,365,E14000819,Middlesbrough,3635
117194,8453,6955,2185,294,E14000821,Milton Keynes North,4878
124802,8925,5790,1972,297,E14000822,Milton Keynes South,5314
81808,11489,10853,4784,696,E14000823,Mitcham and Morden,4341
90955,1815,1053,329,56,E14000824,Mole Valley,2448
83781,1037,1115,611,93,E14000825,Morecambe and Lunesdale,2666
98090,1702,980,423,72,E14000826,Morley and Outwood,3354
81281,1019,677,160,32,E14000828,New Forest West,1837
97338,1788,1815,752,97,E14000829,Newark,2767
81617,7048,6949,3791,641,E14000831,Newcastle upon Tyne Central,3710
90323,2083,1271,614,118,E14000833,Newcastle upon Tyne North,3176
82481,1931,1297,452,72,E14000834,Newcastle-under-Lyme,2454
89706,735,473,146,48,E14000835,Newton Abbot,2408
109076,1785,2055,1055,168,E14000836,Normanton Pontefract and Castleford,4125
88773,864,699,284,51,E14000837,North Cornwall,2352
93809,994,872,252,49,E14000839,North Dorset,2260
83876,476,364,180,52,E14000840,North Durham,2386
115528,2178,1318,473,82,E14000841,North East Bedfordshire,4309
107613,2988,3993,2277,350,E14000842,North East Cambridgeshire,3624
89046,519,358,143,42,E14000843,North East Derbyshire,2518
99367,1974,948,296,53,E14000844,North East Hampshire,3270
96062,1929,998,397,70,E14000845,North East Hertfordshire,3333
93451,1150,621,177,27,E14000846,North East Somerset,2940
84686,1079,1064,417,92,E14000847,North Herefordshire,2154
83037,454,355,123,29,E14000848,North Norfolk,1622
103993,1228,1162,754,140,E14000849,North Shropshire,2878
98207,1338,670,251,40,E14000850,North Somerset,2660
107904,4460,3259,1230,247,E14000851,North Swindon,4119
93406,1301,1095,547,138,E14000852,North Thanet,2862
101113,1415,946,566,119,E14000853,North Tyneside,3481
125143,5571,5026,1778,311,E14000855,North West Cambridgeshire,4987
90087,543,419,186,52,E14000856,North West Durham,2611
106127,2365,1696,580,105,E14000857,North West Hampshire,3661
98440,1357,1147,480,61,E14000858,North West Leicestershire,3220
88745,2729,2841,1484,235,E14000859,North West Norfolk,2647
94360,1500,956,217,41,E14000860,North Wiltshire,2802
82249,7725,8813,3655,530,E14000862,Northampton South,3857
93321,4939,3461,1277,177,E14000864,Norwich South,2750
84874,6981,7325,4016,723,E14000865,Nottingham East,3647
85787,4182,3919,1623,269,E14000866,Nottingham North,3580
89055,2975,2662,1104,234,E14000868,Nuneaton,3455
80512,3274,1915,841,139,E14000869,Old Bexley and Sidcup,3002
86260,588,555,244,51,E14000533,Amber Valley,2625
119223,5614,4884,1606,259,E14000539,Banbury,4876
82018,1920,2509,1034,119,E14000541,Barnsley Central,2953
87922,1220,1449,544,112,E14000542,Barnsley East,3111
102467,15162,11084,7687,1576,E14000555,Bethnal Green and Bow,5045
93010,7034,8354,6967,1599,E14000562,Birmingham Hall Green,4950
84030,684,509,246,78,E14000574,Blaydon,2474
98624,2974,3388,1748,300,E14000576,Bognor Regis and Littlehampton,3117
101709,4560,2897,904,210,E14000586,Bracknell,3681
96991,1555,1100,377,69,E14000590,Braintree,3170
99274,17071,17588,8769,1598,E14000591,Brent Central,5420
84471,21012,21766,10418,2192,E14000592,Brent North,5060
84385,3916,2194,759,124,E14000597,Brighton Kemptown,2280
105987,3982,2645,1001,139,E14000601,Bristol South,4388
92153,3525,3516,1609,217,E14000606,Broxbourne,3630
88534,2631,1779,634,109,E14000607,Broxtowe,2626
96818,4227,5259,2078,324,E14000610,Burton,3827
82001,1439,1368,678,95,E14000620,Carlisle,2635
88289,6608,4334,1472,255,E14000621,Carshalton and Wallington,3726
91641,732,429,173,30,E14000623,Central Devon,2456
112236,4793,5686,2197,289,E14000648,Corby,4264
85161,1728,1623,757,120,E14000658,Darlington,2807
107057,5474,3615,1245,219,E14000659,Dartford,5074
76146,945,1075,645,115,E14000672,Dudley South,2664
100397,21216,23701,12603,1842,E14000679,East Ham,7195
97077,1680,1065,334,67,E14000680,East Hampshire,2828
98962,3529,2688,987,182,E14000684,Eastbourne,2899
77265,8866,8401,4245,661,E14000692,Enfield Southgate,3522
94168,8001,7364,3329,670,E14000696,Erith and Thamesmead,4770
78805,1394,1912,941,85,E14000716,Great Grimsby,3015
98277,5871,3229,899,105,E14000719,Guildford,2971
97608,12011,6335,4322,784,E14000721,Hackney South and Shoreditch,3873
76153,16620,13551,5361,876,E14000732,Harrow West,4384
97869,14291,7283,3343,606,E14000750,Holborn and St Pancras,3238
95430,11508,8359,4627,762,E14000752,Hornsey and Wood Green,3916
84983,1756,1184,438,72,E14000774,Kingswood,2966
73650,14915,16652,12658,4734,E14000782,Leicester East,4531
98435,3728,2767,1130,183,E14000797,Loughborough,2899
84652,7378,7741,3865,672,E14000800,Luton North,4443
90464,675,379,166,40,E14000806,Maldon,2590
92122,546,318,185,37,E14000820,Middlesbrough South and East Cleveland,2763
86968,846,458,153,32,E14000827,New Forest East,2322
104406,3059,1847,614,103,E14000830,Newbury,3407
88129,4221,2713,1248,197,E14000832,Newcastle upon Tyne East,2276
87106,1685,1461,475,76,E14000854,North Warwickshire,2863
75800,5223,5949,2639,392,E14000861,Northampton North,3195
83607,2485,2214,947,116,E14000863,Norwich North,2714
97759,7271,5701,2452,386,E14000867,Nottingham South,3135
94136,2767,4019,2779,669,E14000870,Oldham East and Saddleworth,4237
93713,3670,4996,4267,939,E14000871,Oldham West and Royton,4440
83891,3761,1639,517,94,E14000872,Orpington,2921
103679,12976,7992,2800,427,E14000873,Oxford East,3583
94365,6747,2902,1036,136,E14000874,Oxford West and Abingdon,2850
80846,2377,4728,3471,823,E14000875,Pendle,3510
80897,655,615,211,56,E14000877,Penrith and The Border,1990
96016,10046,12495,6419,1093,E14000878,Peterborough,5079
89769,1285,907,331,61,E14000879,Plymouth Moor View,2991
101134,3871,3048,1163,180,E14000880,Plymouth Sutton and Devonport,3261
91251,2912,2083,631,104,E14000881,Poole,3036
115664,22122,13587,7879,1525,E14000882,Poplar and Limehouse,6507
91004,2684,2117,855,141,E14000883,Portsmouth North,3332
91727,6122,4522,1841,263,E14000884,Portsmouth South,3395
77356,5617,5904,2950,500,E14000885,Preston,3623
78584,10487,5621,2225,356,E14000887,Putney,3515
95860,728,376,172,30,E14000888,Rayleigh and Wickford,2920
96053,10690,6740,2581,644,E14000889,Reading East,3853
93346,7083,5520,1989,424,E14000890,Reading West,4034
83665,378,427,287,72,E14000891,Redcar,2585
83536,2404,2886,1020,148,E14000892,Redditch,3053
97120,3944,1962,668,104,E14000893,Reigate,3670
98519,812,625,302,43,E14000894,Ribble Valley,2756
100047,1130,916,213,43,E14000895,Richmond Yorks,2669
100214,10521,4620,1744,239,E14000896,Richmond Park,4074
95543,3922,5499,4117,817,E14000897,Rochdale,4489
106000,3134,2324,905,120,E14000898,Rochester and Strood,4166
95718,2981,2396,988,125,E14000899,Rochford and Southend East,3664
83108,3143,2292,794,122,E14000901,Romsey and Southampton North,2466
94468,691,681,455,87,E14000902,Rossendale and Darwen,3040
94177,836,627,266,59,E14000903,Rother Valley,3062
79828,2526,2983,1800,291,E14000904,Rotherham,3186
92493,5492,5097,1686,215,E14000905,Rugby,3459
83553,7530,4332,1526,250,E14000906,Ruislip Northwood and Pinner,3113
98772,5065,2685,820,126,E14000907,Runnymede and Weybridge,3557
95499,2080,869,298,41,E14000908,Rushcliffe,2905
110436,2196,1025,357,63,E14000910,Saffron Walden,3770
109077,7233,5706,2457,402,E14000911,Salford and Eccles,4298
93570,2017,1357,483,82,E14000912,Salisbury,2761
91585,1255,1124,602,106,E14000913,Scarborough and Whitby,2514
78376,2835,3974,2183,311,E14000914,Scunthorpe,2943
82055,507,416,182,24,E14000915,Sedgefield,2479
81906,428,249,133,30,E14000916,Sefton Central,2124
99813,1093,1152,481,64,E14000917,Selby and Ainsty,3205
90963,2233,912,319,42,E14000918,Sevenoaks,3162
83494,1856,800,291,53,E14000922,Sheffield Hallam,2245
84269,2132,1939,1083,199,E14000923,Sheffield Heeley,3418
98905,1010,707,273,58,E14000924,Sherwood,3232
91886,1185,938,471,97,E14000925,Shipley,2845
103191,1696,1196,498,143,E14000926,Shrewsbury and Atcham,2963
113461,1905,2020,812,137,E14000927,Sittingbourne and Sheppey,4352
96859,853,671,254,38,E14000928,Skipton and Ripon,2360
115553,1040,758,362,80,E14000929,Sleaford and North Hykeham,2983
92628,3548,1650,779,127,E14000931,Solihull,2909
106179,1115,715,269,52,E14000932,Somerton and Frome,3063
94139,2665,1877,648,111,E14000933,South Basildon and East Thurrock,3766
111900,5750,2361,677,136,E14000934,South Cambridgeshire,3682
100580,1711,1010,374,95,E14000935,South Derbyshire,3437
89865,927,621,212,41,E14000936,South Dorset,2085
108187,4125,2138,793,113,E14000937,South East Cambridgeshire,3565
88323,533,332,111,35,E14000938,South East Cornwall,2024
95680,3337,4576,2423,313,E14000939,South Holland and The Deepings,3152
102353,2199,1586,641,128,E14000940,South Leicestershire,3449
117008,2697,2011,745,115,E14000942,South Northamptonshire,3963
94847,773,680,315,63,E14000943,South Ribble,2573
75742,838,777,519,103,E14000944,South Shields,2418
91724,584,396,191,49,E14000945,South Staffordshire,2436
92639,823,552,176,32,E14000946,South Suffolk,2351
95084,5955,4858,2092,443,E14000947,South Swindon,3759
92253,1841,1564,817,175,E14000948,South Thanet,2972
102065,3981,3463,1018,157,E14000949,South West Bedfordshire,4298
90162,653,316,112,19,E14000950,South West Devon,2384
101018,3661,1960,595,87,E14000951,South West Hertfordshire,3345
100448,2347,2757,1413,224,E14000952,South West Norfolk,3247
101161,2339,1235,335,76,E14000953,South West Surrey,3150
97345,1763,1824,760,117,E14000954,South West Wiltshire,2920
93522,6036,4808,1704,234,E14000955,Southampton Itchen,3759
87245,8590,7438,3049,434,E14000956,Southampton Test,3776
84679,2163,1303,453,107,E14000957,Southend West,2919
86008,1699,1894,979,129,E14000958,Southport,2273
89348,5501,3272,1094,155,E14000959,Spelthorne,3583
92513,4373,2198,918,146,E14000960,St Albans,3675
102684,1056,650,300,51,E14000961,St Austell and Newquay,2983
94680,886,949,475,84,E14000962,St Helens North,3092
98978,1291,1219,555,102,E14000963,St Helens South and Whiston,3293
82095,590,353,122,30,E14000964,St Ives,2120
92120,2130,1408,464,68,E14000965,Stafford,3057
74117,312,223,82,17,E14000966,Staffordshire Moorlands,1859
90473,1348,1167,831,168,E14000967,Stalybridge and Hyde,3368
89100,3885,2435,819,128,E14000968,Stevenage,3604
81893,2209,1740,909,139,E14000969,Stockport,3404
87496,1018,876,529,111,E14000970,Stockton North,3007
97290,1432,1007,570,122,E14000971,Stockton South,3137
74804,3928,4116,1764,263,E14000972,Stoke-on-Trent Central,3296
88516,2540,3093,1527,247,E14000973,Stoke-on-Trent North,3591
82886,1793,1906,915,170,E14000974,Stoke-on-Trent South,3070
83368,554,289,120,33,E14000975,Stone,2139
84583,1068,1126,693,166,E14000976,Stourbridge,2726
93668,9429,7082,3855,631,E14000978,Streatham,3845
90773,3339,2580,1342,220,E14000979,Stretford and Urmston,3516
98202,1103,879,338,33,E14000981,Suffolk Coastal,2454
89930,2137,1606,802,161,E14000982,Sunderland Central,2778
101025,3617,2024,761,164,E14000983,Surrey Heath,3316
85090,8681,5375,1891,259,E14000984,Sutton and Cheam,3659
89988,2144,1163,560,117,E14000985,Sutton Coldfield,2714
91024,1655,1616,478,72,E14000986,Tamworth,3100
84126,1491,786,297,47,E14000987,Tatton,2504
112717,3033,2265,807,93,E14000988,Taunton Deane,3589
92248,2508,2356,918,170,E14000989,Telford,3714
104008,2098,1368,447,74,E14000990,Tewkesbury,3576
99295,1231,713,169,23,E14000991,The Cotswolds,2610
92497,2429,2607,1218,190,E14000992,The Wrekin,3080
97425,780,652,366,61,E14000993,Thirsk and Malton,2422
87597,1190,792,259,51,E14000994,Thornbury and Yate,2926
108170,7336,7358,2511,411,E14000995,Thurrock,5644
100546,1039,887,429,79,E14000996,Tiverton and Honiton,2739
100665,1953,991,382,70,E14000997,Tonbridge and Malling,3342
87812,7655,5173,2264,432,E14000998,Tooting,3951
96716,1746,1333,441,76,E14000999,Torbay,2622
99279,494,331,140,29,E14001000,Torridge and West Devon,2291
84856,717,385,107,18,E14001001,Totnes,1987
90233,14372,16495,11135,2205,E14001002,Tottenham,5196
94905,1405,544,166,40,E14001003,Truro and Falmouth,2439
96401,3199,1830,601,90,E14001004,Tunbridge Wells,3305
102248,6890,3420,1305,230,E14001005,Twickenham,3679
96480,982,541,328,79,E14001006,Tynemouth,2915
88133,9887,6694,2601,449,E14001007,Uxbridge and South Ruislip,4513
96265,11234,7279,3609,827,E14001008,Vauxhall,2890
89189,2761,3408,1863,357,E14001009,Wakefield,3273
84153,716,555,280,81,E14001010,Wallasey,2660
88557,2863,2992,1647,343,E14001011,Walsall North,4020
84789,5576,6116,4263,845,E14001012,Walsall South,4461
88546,10750,11289,5523,802,E14001013,Walthamstow,5507
80082,401,275,150,43,E14001014,Wansbeck,2340
120035,3851,1940,582,115,E14001015,Wantage,4825
88660,2116,2161,935,141,E14001017,Warrington North,2947
104912,2667,2178,826,106,E14001018,Warrington South,3325
92414,5970,2892,1145,194,E14001019,Warwick and Leamington,3393
83250,563,474,189,58,E14001020,Washington and Sunderland West,2504
103222,10492,7205,2457,363,E14001021,Watford,4811
98979,804,637,277,64,E14001022,Waveney,2693
103692,1343,722,230,37,E14001023,Wealden,2848
87857,1050,837,385,133,E14001024,Weaver Vale,2610
100592,4357,4942,1935,288,E14001025,Wellingborough,3706
102133,1360,1110,335,62,E14001026,Wells,2531
98547,6146,4274,1372,145,E14001027,Welwyn Hatfield,3713
95300,833,811,373,78,E14001028,Wentworth and Dearne,3222
76396,5342,6291,4143,819,E14001029,West Bromwich East,3435
84014,4503,4991,3111,716,E14001030,West Bromwich West,4039
97160,952,556,181,24,E14001031,West Dorset,2128
119625,22281,22101,11154,1679,E14001032,West Ham,7242
94489,1246,1358,630,107,E14001033,West Lancashire,2610
110931,3169,2832,1012,144,E14001034,West Suffolk,4173
94320,893,565,226,54,E14001035,West Worcestershire,2163
79795,15430,8629,3976,659,E14001036,Westminster North,3294
80296,1164,905,280,24,E14001037,Westmorland and Lonsdale,1751
104048,2610,2427,784,142,E14001038,Weston-Super-Mare,3551
96820,1792,1969,836,139,E14001039,Wigan,3334
80755,9385,5014,1931,252,E14001040,Wimbledon,3879
95448,2473,1302,427,94,E14001041,Winchester,2528
97413,5121,2579,803,123,E14001042,Windsor,3325
69512,601,337,140,39,E14001043,Wirral South,1934
91283,1122,759,275,45,E14001045,Witham,2949
106785,2157,1393,431,68,E14001046,Witney,3404
96194,5907,3843,1510,279,E14001047,Woking,3885
106407,6403,2485,762,116,E14001048,Wokingham,3859
79385,3689,3843,1999,374,E14001049,Wolverhampton North East,3349
77059,5270,6172,3842,843,E14001050,Wolverhampton South East,3752
71922,4331,4899,2938,497,E14001051,Wolverhampton South West,2973
92870,3534,3043,1069,174,E14001052,Worcester,3180
75892,367,260,120,28,E14001053,Workington,2170
96267,2960,2601,1369,240,E14001054,Worsley and Eccles South,4316
94809,2365,1507,566,89,E14001055,Worthing West,2711
97234,5923,5118,2364,399,E14001056,Wycombe,3986
91376,1643,909,366,60,E14001057,Wyre and Preston North,2642
96531,968,972,339,53,E14001058,Wyre Forest,2746
97190,4911,3482,1333,243,E14001059,Wythenshawe and Sale East,4422
104453,2554,2378,991,139,E14001060,Yeovil,3314
94637,3644,2686,858,73,E14001061,York Central,2793
93040,1534,934,289,38,E14001062,York Outer,2295
66462,305,196,101,22,W07000041,Ynys Mon,1792
66936,632,618,348,94,W07000042,Delyn,1967
78101,1322,1526,849,136,W07000043,Alyn and Deeside,2433
64388,1776,2117,1227,201,W07000044,Wrexham,2120
77367,874,818,707,191,W07000045,Llanelli,2409
75017,554,347,159,47,W07000046,Gower,1933
70704,2406,1954,1116,207,W07000047,Swansea West,2027
75149,1709,1551,815,152,W07000048,Swansea East,2640
66079,563,407,209,61,W07000049,Aberavon,2051
78888,4992,4078,1809,324,W07000050,Cardiff Central,2116
83689,2049,1159,643,102,W07000051,Cardiff North,2702
65346,310,204,167,32,W07000052,Rhondda,2114
78777,502,461,166,55,W07000053,Torfaen,2676
81721,727,470,146,19,W07000054,Monmouth,1959
75581,2004,2007,987,190,W07000055,Newport East,3146
85052,2028,1874,1003,175,W07000056,Newport West,3100
56049,1079,668,268,40,W07000057,Arfon,1763
53308,588,390,165,20,W07000058,Aberconwy,1399
71138,535,383,162,51,W07000059,Clwyd West,1932
69570,590,420,192,51,W07000060,Vale of Clwyd,2181
55397,358,267,145,36,W07000061,Dwyfor Meirionnydd,1323
67207,571,553,289,59,W07000062,Clwyd South,2091
60777,487,500,264,52,W07000063,Montgomeryshire,1668
67848,1208,602,225,27,W07000064,Ceredigion,1564
74505,514,330,183,46,W07000065,Preseli Pembrokeshire,2053
74197,688,439,260,60,W07000066,Carmarthen West and South Pembrokeshire,1976
70788,399,338,175,49,W07000067,Carmarthen East and Dinefwr,1892
66633,516,452,175,47,W07000068,Brecon and Radnorshire,1599
70240,343,226,150,42,W07000069,Neath,1918
67525,341,302,129,28,W07000070,Cynon Valley,2301
69809,822,794,531,120,W07000071,Merthyr Tydfil and Rhymney,2395
63594,429,464,254,55,W07000072,Blaenau Gwent,2108
81369,853,663,321,72,W07000073,Bridgend,2482
73923,379,269,134,40,W07000074,Ogmore,2331
77511,858,558,225,56,W07000075,Pontypridd,2299
82283,508,347,171,42,W07000076,Caerphilly,2603
71347,396,318,128,28,W07000077,Islwyn,2149
97998,845,423,179,53,W07000078,Vale of Glamorgan,3108
85743,2534,1992,1285,223,W07000079,Cardiff West,3271
99630,4645,3636,2030,371,W07000080,Cardiff South and Penarth,3730
85644,560,361,157,38,E14000876,Penistone and Stocksbridge,2258
91410,1623,1025,485,90,E14000886,Pudsey,3222
90665,5261,4425,1692,297,E14000900,Romford,4268
102470,1428,993,415,56,E14000909,Rutland and Melton,2696
96716,7117,7141,3146,461,E14000919,Sheffield Central,3239
84137,2061,2663,1728,334,E14000920,Sheffield South East,3109
91198,4693,5287,2985,640,E14000921,Sheffield Brightside and Hillsborough,4275
105599,17110,15209,6515,1096,E14000930,Slough,6553
106064,1621,919,359,71,E14000941,South Norfolk,3158
91228,1773,1233,476,82,E14000977,Stratford-on-Avon,2437
102956,1113,637,207,40,E14000980,Stroud,2941
77426,6610,8207,5647,1325,E14001016,Warley,4113
66162,575,249,112,26,E14001044,Wirral West,1795
109588,5274,3832,1435,262,E14000538,Aylesbury,4692
73692,476,303,100,27,E14000647,Copeland,1917
90984,9399,6866,2582,400,E14000651,Coventry South,3393
94235,911,640,234,41,E14000838,North Devon,2550